,·çÅ×ÀÎ(mg),ºñÅ¸¹ÎA(ug),ºñÅ¸¹ÎD(ug),ºñÅ¸¹ÎE(mg),ºñÅ¸¹ÎK(ug),ºñÅ¸¹ÎC(mg),ºñÅ¸¹ÎB2(mg),¾Æ¿¬(mg),¼¿·»(ug),Ã¶(mg),¸¶±×³×½·(mg),EPA(mg),ÇÁ·Î¹ÙÀÌ¿ÀÆ½½º(CFU),½Ç¸®¸¶¸°(mg),³ªÀÌ¾Æ½Å(mg),¿Ã¸®°í´ç(g),Ä®½·(mg),ºñÅ¸¹ÎB6(mg),º£Å¸Ä«·ÎÆ¾(mg),ÆÇÅäÅÙ»ê(mg),ºñ¿ÀÆ¾(ug),¸Á°£(mg),Å©·Ò(ug),¿±»ê(ug),±¸¸®(mg),¸ô¸®ºêµ§(ug)
0,0,0,10,0,0,0,0,9,0,0,150,0,0,0,0,3,300,3,0,5,0,0,0,0,0,0
1,0,0,0,0,0,0,0,8.5,0,0,0,0,100000000,0,0,4,0,0,0,0,0,0,0,0,0,0
2,0,350,10,10,0,100,1.2,7,0,0,0,0,0,0,10,0,0,10.5,0,4,22,0,0,180,0,0
3,0,0,0,0,0,0,1.4,0,0,0,0,0,0,0,15,0,0,1.5,0,5,30,0,0,400,0,0
4,20,0,0,0,0,0,0,0,0,0,0,600,0,0,0,0,0,0,0,0,0,0,0,0,0,0
5,0,0,10,0,0,0,0,8.5,0,0,150,0,0,0,0,0,300,0,0,0,0,3,0,0,0,0
6,0,700,40,11,70,150,4.2,12.75,0,12,100,0,0,0,30,0,210,4.5,0,15,90,3,0,1000,0.8,25
7,0,0,25,0,70,0,0,0,0,0,0,0,0,0,0,0,210,0,0,0,0,0,0,0,0,0
8,0,0,0,0,0,0,0,4.25,0,0,0,0,0,130,7.5,0,0,0,0,2.5,15,0,0,0,0,0
9,0,0,10,0,0,0,1.4,0,0,0,315,0,0,0,0,0,0,1.5,0,0,0,0,0,0,0,0
10,0,0,10,0,0,0,0,0,0,7.55,0,0,0,0,0,0,0,0,0,0,0,0,0,0,0,0
11,20,0,0,0,0,0,0,8.5,0,0,0,0,0,0,13.52,0,0,0,0,0,0,2.21,0,400,0.8,0
12,0,0,10,0,0,0,0,0,0,0,150,0,0,0,0,0,300,0,0,0,0,0,0,0,0,0
13,0,0,0,0,0,30,0,0,0,0,0,0,0,0,4.5,0,0,1.5,0,0,2500,0,0,0,0,0
14,20,0,0,0,0,0,0,8.5,0,0,0,0,0,0,15,0,0,0,0,5,30,0,0,400,0,0
15,0,0,10.02,0,0,100.2,1.55,8.52,0,0,0,0,0,0,15.62,0,0,2.09,0,5.36,138.38,3.04,55,468.07,0,26.4
16,0,0,5,0,0,0,0,0,0,0,0,0,0,0,0,0,350,0,0,0,0,0,0,0,0,0
17,0,0,10,0,0,0,0,2.6,0,0,0,0,0,0,0,0,0,0,0,0,0,0,0,0,0,0
18,0,0,0,0,0,0,0,8.5,0,0,0,0,200000000,0,0,3,0,0,0,0,0,0,0,0,0,0
19,20,0,0,0,0,0,0,8.5,0,0,0,0,0,0,15,0,0,0,0.42,0,30,0,0,400,0,0
20,20,0,0,0,0,0,0,0,0,0,0,600,0,0,0,0,0,0,0,0,0,0,0,0,0,0
21,0,0,0,3.3,0,0,0,0,0,0,0,1100,0,0,0,0,0,0,0,0,0,0,0,0,0,0
22,0,0,0,0,0,0,0,8.5,0,0,0,0,200000000,0,0,0,0,0,0,0,0,0,0,0,0,0
23,0,0,3,0,0,0,0,0,0,0,0,0,0,0,0,0,0,0,0,0,0,0.9,0,0,0,0
24,0,0,10,0,0,1000,0,0,0,0,0,0,0,0,0,0,0,0,0,0,0,0,0,0,0,0
25,0,0,0,0,0,0,0,8.5,0,0,0,0,100000000,0,0,0,0,0,0,0,0,0,0,0,0,0
26,0,0,0,11,0,0,0,0,0,0,0,600,0,0,0,0,0,0,0,0,0,0,0,0,0,0
27,0,0,0,0,0,0,0,8.5,0,0,0,0,0,0,4.5,0,0,0,0,0,0,0,0,400,0,0
28,0,0,0,0,0,0,0,11.2,0,0,96,0,0,0,0,0,0,0,0,0,0,0,0,0,0,0
29,0,0,0,11,0,0,0,8.5,0,0,0,0,0,0,0,0,0,0,0,0,0,3,0,0,0,0
30,0,0,0,0,0,0,0,8.5,0,0,0,0,0,0,0,0,0,0,0,0,0,0,0,0,0,0
31,0,0,50,3.3,0,0,0,8.5,0,0,0,0,0,0,0,0,0,0,0,0,0,0,0,0,0,0
32,20,0,0,0,0,0,0,8.5,0,0,0,0,0,0,15,0,0,0,1.26,0,0,3,0,400,0.8,0
33,10,210,0,0,0,0,0,0,0,0,0,0,0,0,0,0,0,0,0,0,0,0,0,0,0,0
34,20,0,0,0,0,0,0,8.5,0,0,0,0,0,0,0,0,0,0,0.42,0,0,0,0,0,0,0
35,0,0,0,0,0,0,0,8.5,0,12,99.65,0,0,0,15,0,0,0,0,5,30,3,30,400,0.8,25
36,0,0,0,0,0,0,1.4,8.5,0,12,315,0,0,0,0,0,0,1.5,1.26,0,30,0,0,0,0,0
37,0,0,10,0,0,200,40,10,0,0,0,0,0,0,0,0,0,0,0,0,50,0,0,0,0,0
38,0,0,10,0,0,0,0,8.5,0,0,0,0,0,0,0,0,0,0,0,0,0,0,0,0,0,0
39,0,0,0,0,0,0,0,8.5,0,0,0,0,0,130,0,0,0,0,0,0,0,0,0,0,0,0
40,0,0,4,0,0,0,0,0,0,0,0,0,100000000,0,0,0,0,0,0,0,0,0,0,0,0,0
41,0,840,12,13.2,0,120,1.68,10.2,0,0,0,0,0,0,18,0,0,1.8,0,6,36,3.6,36,480,0.96,0
42,20,0,0,0,0,0,0,12.8,0,0,0,0,0,0,13.52,0,0,0,0,0,0,2.21,0,800,0.8,0
43,0,0,0,0,0,0,1.4,0,0,0,0,0,0,130,0,0,0,1.5,0,5,0,0,0,0,0,0
44,20,0,0,0,0,0,0,8.5,0,0,0,0,0,0,0,0,0,0,0,0,0,0,0,0,0,0
45,20,0,0,0,0,0,0,0,0,0,0,600,0,0,0,0,0,0,0,0,0,0,0,0,0,0
46,0,0,10,0,0,0,0,8.5,0,0,0,0,100000000,0,0,3,0,0,0,0,0,0,0,0,0,0
47,0,0,0,0,0,30,0,35,0,0,0,0,0,0,0,0,0,1.5,0,5,0,0,0,0,0,0
48,0,0,0,0,0,0,0,0,0,0,150,0,0,0,0,0,300,0,0,0,0,0,0,0,0,0
49,0,0,0,0,0,30,0.65,0,0,0,0,0,0,0,0,0,0,1,0,2,61,0,0,226,0,0
50,0,0,0,0,0,0,0.7,8.5,0,0,0,0,0,0,0,0,0,0,0,0,0,0,0,0,0,0
57,0,0,10,0,0,0,0,0,0,0,150,0,0,0,0,0,300,0,0,0,0,3,0,0,0,0
58,20,0,0,0,0,0,0,7.2,0,0,0,0,0,0,0,0,0,0,0,0,0,0,0,0,0,0
59,0,0,0,0,0,0,0,8.5,0,0,0,0,0,130,0,0,0,0,0,0,0,0,0,0,0,0
60,20,700,0,0,0,0,0,0,0,0,0,0,0,0,0,0,0,0,0,0,0,0,0,0,0,0
61,0,0,0,0,0,0,0,8.5,0,0,0,0,200000000,0,0,0,0,0,0,0,0,0,0,0,0,0
62,0,0,0,0,0,1000,4,0,0,0,0,0,0,0,0,0,0,8,0,0,0,0,0,0,0,0
63,0,0,0,0,0,100,0,0,0,12,0,0,0,0,0,0,0,0,0,0,0,0,0,0,0,0
65,20,0,0,0,0,0,0,0,0,0,0,610,0,0,0,0,0,0,0,0,0,0,0,0,0,0
66,0,0,10,0,0,0,0,8.5,0,0,0,0,100000000,0,0,3,0,0,0,0,0,0,0,0,0,0
67,0,0,0,0,0,100,0,8.5,0,0,0,0,0,0,15,0,0,0,0,5,30,3,0,400,0.8,0
68,0,0,0,0,0,0,1.4,8.5,0,0,0,0,100000000,0,15,0,0,1.5,0,0,0,0,0,0,0,0
69,10,0,0,0,0,100,0,0,0,0,0,0,0,0,0,0,0,0,0,0,0,0,0,0,0,0
70,0,0,0,0,0,2000,0,8.5,0,0,0,0,0,0,0,0,0,0,0,0,0,0,0,0,0,0
71,0,0,0,0,0,0,0,8.5,0,0,0,0,0,130,0,0,0,0,0,0,0,0,0,400,0,0
72,0,0,0,0,0,0,0,8.5,0,0,0,0,0,130,15,0,0,0,0,5,0,0,0,0,0,0
73,0,0,5,0,0,0,0,8.5,0,0,105,0,0,0,0,0,210,0,0,0,0,0,0,0,0,0
74,0,0,0,0,0,0,0,8.5,0,0,0,0,100000000,0,0,3,0,0,0,5,0,0,0,0,0,0
75,0,0,0,0,0,0,0,8.5,0,0,0,0,100000000,0,0,3.5,0,0,0,0,0,0,0,0,0,0
76,0,0,10,0,0,0,0,0,0,0,160,0,0,0,0,0,350,0,0,0,0,1,0,0,0,0
77,0,700,10,11,0,100,1.4,8.5,0,12,0,0,0,0,15,0,0,1.5,0.42,5,0,3,0,0,0,0
78,0,0,0,0,0,0,1.4,8.5,0,0,0,0,0,0,15,0,0,1.5,0,5,30,0,0,400,0,0
79,0,700,0,11,70,0,0,8.5,55,12,0,0,0,0,15,0,0,1.5,0,5,30,3,30,400,0.8,0
80,0,700,10,11,0,100,1.4,8.5,0,0,0,0,0,0,15,0,0,1.5,0,5,30,3,0,400,0,0
81,0,210,3,0,0,0,0.42,0,0,0,315,0,0,0,0,0,0,0.45,0,0,0,0,0,0,0,0
82,0,0,0,0,0,0,0,8.5,0,0,0,0,100000000,0,0,3,0,0,0,5,0,0,0,0,0,0
83,0,0,0,0,0,600,1.4,0,0,0,0,0,0,0,0,0,0,1.5,0,1.5,0,0,0,0,0,0
84,0,700,0,0,0,100,2.8,8.5,0,0,0,0,0,0,15,0,0,3,0,0,0,0,0,0,0,0
85,0,0,0,0,0,0,0,8.5,0,0,0,0,0,0,0,0,0,0.6,0,0,0,0,0,0,0,0
86,20,0,0,0,0,0,0,2.55,0,0,0,0,0,0,4.5,0,0,0,0.42,0,0,0,0,200,0,0
87,0,0,10,0,0,0,0,5,0,0,0,0,0,0,0,0,0,0,0,0,0,0,0,0,0,0
88,0,0,0,0,0,0,1.4,0,0,0,315,0,0,0,0,0,0,1.5,0,0,0,0,0,0,0,0
89,0,0,0,0,0,100,1.4,0,0,0,0,0,0,0,15,0,0,1.5,0,0,0,0,0,0,0,0
90,0,700,15,11,0,150,1.4,8.5,0,3.6,0,0,0,0,15,0,0,1.5,0,5,30,3,9,0,0.8,0
91,0,1400,0,0,0,200,0,17,0,0,0,0,0,0,0,0,0,3,0,10,0,0,0,0,0,0
92,0,0,0,0,0,0,0,8.5,0,0,0,0,100000000,0,0,3,0,0,0,5,0,0,0,0,0,0
93,0,0,0,0,0,0,14,0,0,0,0,0,0,0,52.5,0,0,15,0,20,0,0,0,0,0,0
94,0,0,10,11,80,100,40,10,50,3.6,0,0,0,0,50,0,0,50,6,50,170,1,30,0,0.5,65
95,0,0,0,11,0,0,0,8.5,0,0,0,0,0,0,0,0,0,0,0,0,0,0,0,0,0,0
96,0,0,0,0,0,0,0,0,0,0,0,0,0,0,0,0,270,0,0,0,0,0,0,0,0,0
97,0,0,0,0,0,0,10,0,0,0,0,0,0,0,0,0,0,10,0,0,0,0,0,800,0,0
98,0,0,10,0,70,0,0,0,0,0,0,0,0,0,0,0,300,0,0,0,0,3,0,0,0,0
99,10,700,0,0,0,0,0,0,0,0,0,0,0,0,0,0,0,0,0,0,0,0,0,0,0,0
100,20,0,0,0,0,0,0,10,0,0,0,0,0,0,13.52,0,0,0,0,0,0,0,0,0,0,0
101,0,0,0,0,0,0,0,8.5,0,0,0,0,0,0,0,0,0,0,1.26,0,0,0,0,400,0,0
102,20,0,0,11,0,0,0,0,0,0,0,0,0,0,0,0,0,0,0,0,0,0,0,0,0,0
103,0,0,0,11,0,0,0,0,0,0,0,600,0,0,0,0,0,0,0,0,0,0,0,0,0,0
104,0,0,0,0,0,30,0,0,0,0,0,0,0,0,4.5,0,0,1.5,0,0,2500,0,0,0,0,0
105,0,0,0,0,0,0,0,8.5,0,0,0,0,100000000,0,0,3,0,0,0,5,0,0,0,0,0,0
106,0,0,10,0,0,0,0,0,0,0,105,0,0,0,0,0,210,0,0,0,0,0,0,0,0,0
107,20,515,0,0,0,0,0,0,0,0,0,0,0,0,0,0,0,0,0,0,0,0,0,0,0,0
108,0,0,10,0,0,0,0,8.5,0,0,0,0,1000000000,0,0,3,0,0,0,0,0,0,0,0,0,0
109,0,0,3,0,0,36,0,0,0,0,0,0,0,0,0,0,0,0,0,2,0,0,0,0,0,0
110,0,0,10,0,0,0,0,6,0,0,150,0,0,0,0,0,300,0,0,0,0,0,0,0,0,0
111,0,0,5,0,0,0,0,0,0,0,0,0,100000000,0,0,0,0,0,0,0,0,0,0,0,0,0
112,0,0,10,0,0,0,0,6,0,0,150,0,0,0,0,0,300,0,0,0,0,0,0,0,0,0
113,0,0,0,0,0,500,0,8.5,0,0,0,0,0,0,0,0,0,0,0,0,0,0,0,0,0,0
114,0,0,3,0,0,0,0,0,0,0,0,0,0,0,0,0,280,0,0,0,0,0,0,0,0,0
115,0,700,10,11,70,100,1.4,8.5,0,12,0,0,0,0,15,0,0,1.5,0,5,60,3,30,600,0.8,25
116,0,0,10,0,0,0,1.4,8.5,0,0,0,0,0,0,15,0,0,1.5,0,5,0,0,0,400,0,0
117,0,0,10,0,0,0,1.4,8.5,0,0,0,0,0,0,15,0,0,1.5,0,5,0,0,0,400,0,0
118,0,0,0,0,0,0,0,3.6,0,0,0,0,0,0,0,0,350,0,0,0,0,0,0,0,0,0
119,0,0,10,0,0,30,0,4.5,0,0,0,0,0,0,0,0,0,0,0,0,0,0,0,0,0,0
120,0,0,0,0,0,0,1.4,0,0,0,350,0,0,0,0,0,0,1.5,0,0,0,0,0,0,0,0
121,0,700,10,11,70,100,1.4,8.5,0,12,0,0,0,0,15,0,0,1.5,0,5,30,3,30,400,0.8,0
122,0,0,10,0,0,0,0,8.5,0,0,94.5,0,0,0,0,0,210,0,0,0,0,0,0,0,0,0
123,0,0,0,0,0,430,2,0,0,0,0,0,0,0,0,0,0,3,0,0,0,0,0,0,0,0
124,0,0,5,0,0,0,0,8.5,0,0,0,0,0,0,0,0,0,0,0,0,0,0,0,0,0,0
125,0,0,0,0,0,0,0,8.5,0,0,0,0,1000000000,0,0,3,0,0,0,0,0,0,0,0,0,0
126,0,0,0,0,0,0,0,4.25,27.5,6,0,0,0,0,7.5,0,0,0,0,2.5,45,1.5,15,200,0,12.5
127,0,0,0,4,0,0,1.4,0,0,0,0,0,0,130,0,0,0,1.5,0,0,0,0,0,0,0,0
128,0,0,0,0,0,0,0,8.5,0,0,0,0,0,130,15,0,0,0,0,5,30,0,0,400,0,0
129,0,0,10,0,0,0,0,5,0,4.2,0,0,0,0,0,0,300,0.45,0,1.8,0,0,0,0,0,0
130,20,700,0,11,0,0,0,8.5,0,0,0,0,0,0,0,0,0,0,0,0,0,0,0,0,0,0
131,0,0,10,0,0,100,1.4,8.5,0,0,0,0,0,0,15,0,0,1.5,0,5,0,0,0,400,0,0
132,0,0,15,0,0,1000,0,9,0,0,0,0,0,0,0,0,0,0,0,0,0,0,0,0,0,0
133,0,0,0,0,0,0,0,8.5,0,0,0,0,100000000,0,0,0,0,0,0,0,0,0,0,0,0,0
134,0,0,10,0,0,100,1.4,8.5,0,0,0,0,0,0,15,0,0,1.5,0,5,0,0,0,400,0,0
135,0,0,5,0,0,0,0,0,0,0,0,0,0,0,0,0,0,1.5,0,10,3000,0,0,400,0,0
136,0,0,0,0,0,0,0,0,0,0,315,0,0,0,0,0,0,0,0.42,0,0,3,0,0,0.8,0
137,0,0,0,0,0,100,0,0,0,12,0,0,0,0,0,0,0,1.2,0,0,0,0,0,400,0,0
138,0,0,0,0,0,0,0,8.5,0,0,105,0,0,0,0,0,210,0,0,0,0,0,0,0,0,0
139,20,0,0,0,0,0,0,0,0,0,0,0,0,130,0,0,0,0,0,0,0,0,0,0,0,0
140,0,0,0,0,0,0,1.4,3,0,0,0,0,0,0,15,0,0,1.5,0,5,0,0,0,0,0,0
141,0,0,0,0,0,0,0,8.5,0,0,0,0,100000000,0,0,3,0,0,0,5,0,0,0,0,0,0
142,0,210,3,6.4,0,54,0.55,3.6,0,0,0,0,0,0,5.3,0,0,1,0,1.7,0,0,0,380,0,0
143,0,0,10,0,0,0,0,2.55,0,0,0,0,1000000000,0,0,0,0,0,0,0,0,0,0,0,0,0
144,0,400,0,9.14,0,0,1.61,0,0,0,0,0,0,0,0,0,0,1.3,0,0,0,0,0,0,0,0
145,0,0,0,0,0,0,0,4,0,0,0,0,1000000000,0,0,0,0,0,0,0,0,0,0,0,0,0
146,0,0,0,0,0,0,0,8.5,0,0,105,0,0,0,0,0,210,0,0,0,0,3,0,0,0,0
147,0,0,10,0,0,0,0,6,0,0,150,0,0,0,0,0,300,0,0,0,0,0,0,0,0,0
148,0,0,10,0,0,0,0,0,0,0,0,0,0,0,0,0,210,0,0,0,0,0,0,0,0,0
149,0,0,0,0,0,0,0,8.5,0,0,0,0,100000000,0,0,0,0,0,0,0,0,0,0,0,0,0
150,0,0,0,0,0,0,0,0,0,0,315,0,0,0,0,0,0,0.45,0,0,0,0,0,0,0,0
151,0,0,0,0,0,0,1.4,8.5,0,0,0,0,0,0,15,0,0,1.5,0,0,0,0,0,400,0,0
152,0,0,10,0,0,0,0,8.5,0,0,150,0,0,0,0,0,300,0,0,0,0,0,0,0,0,0
153,20,700,10,11,0,0,1.4,25,0,0,0,0,0,0,0,0,0,0,0,0,0,0,0,0,0,0
154,0,0,0,0,0,0,0,8.5,0,0,105,0,0,0,0,0,210,0,0,0,0,0,0,0,0,0
155,0,0,4,0,70,0,0,0,0,0,0,0,0,0,0,0,210,0,0,0,0,3,0,0,0,0
156,0,0,10,0,0,0,0,0,0,0,150,0,0,0,0,0,300,0,0,0,0,0,0,0,0,0
157,0,0,0,0,0,30,0,0,0,24,0,0,0,0,0,0,0,0.45,0,0,0,0,0,400,0,0
158,0,0,25,0,0,500,0,8.5,0,0,0,0,0,0,0,0,0,0,0,0,0,0,0,0,0,0
159,0,0,65,0,0,0,0,0,0,0,0,0,0,0,0,0,0,0,0,0,0,0,0,0,0,0
160,0,700,0,11,0,30,0,0,0,0,0,0,0,0,0,0,0,0,0,0,0,0,0,0,0,0
161,0,0,5,0,0,0,0,0,0,0,0,0,0,0,0,0,300,0,0,0,0,0,0,0,0,0
162,0,0,10,0,0,0,1.4,0,0,15,0,0,0,0,0,0,0,0,0,0,0,0,0,600,0,0
163,0,0,0,0,0,0,1.4,8.5,27.5,0,0,0,0,0,15,0,0,1.5,0,0,0,0,0,0,0,0
164,0,0,0,0,0,0,0,4.25,0,4.8,0,0,0,0,4.5,0,0,0,0,5,15,1.5,0,200,0,0
165,0,0,0,0,0,0,1.4,8.5,55,0,0,0,0,0,0,0,0,1.5,0,0,0,0,0,0,0,0
166,0,210,5,0,35,100,0.7,4.25,0,0,0,0,0,0,0,0,0,0.75,0,2.5,9,0.9,0,200,0,0
167,0,0,0,11,0,0,0,0,0,0,0,600,0,0,0,0,0,0,0,0,0,0,0,0,0,0
168,0,0,0,0,0,80,0,0,0,12,0,0,0,0,0,0,0,1.5,0,0,0,0,0,320,0,0
169,0,0,0,0,0,0,0,8.5,0,0,105,0,0,0,0,0,210,0,0,0,0,0,0,0,0,0
170,0,0,50,3.3,0,0,0,0,0,0,0,0,0,0,0,0,0,0,0,0,0,0,0,0,0,0
171,0,0,10,11,70,100,20,8.8,50,3.6,0,0,0,0,50,0,0,25,6,50,170,1,30,0,0.5,25
172,0,210,0,4.5,0,30,1.4,0,55,0,0,0,0,0,0,0,0,0,0,0,0,0,0,0,0,0
173,0,0,10,0,0,0,0,0,0,0,105,0,0,0,0,0,210,0,0,0,0,0,0,0,0,0
174,0,0,0,0,0,0,0,8.5,0,0,0,0,0,0,0,0,0,0,0,0,0,0,0,0,0,0
175,0,0,10,0,0,0,0,8.5,0,0,105,0,0,0,0,0,0,4.5,0,5,0,0,0,0,0,0
176,20,0,0,0,0,0,0,8.5,0,0,0,0,0,0,15,0,0,1.5,0,0,0,0,0,400,0,0
177,0,0,0,0,0,0,1.4,8.5,0,0,0,0,0,0,0,0,0,1.5,0,0,0,0,0,0,0,0
178,0,0,0,0,0,0,40,0,0,0,0,0,0,0,50,0,0,100,0,100,100,0,0,400,0,0
179,20,840,0,13.2,0,0,0,0,0,0,0,600,0,0,0,0,0,0,0,0,0,0,0,0,0,0
180,0,0,0,0,0,0,0,8.5,0,0,0,0,0,130,15,0,0,0,0,0,0,0,0,400,0,0
181,0,0,10,0,0,0,0,0,0,0,0,600,0,0,0,0,0,0,0,0,0,0,0,0,0,0
182,0,0,5,7,0,0,0,6,0,0,0,0,0,0,0,0,0,1.2,0,0,0,0,0,0,0,0
183,0,0,30,0,0,100,42,0,0,0,0,0,0,130,45,0,0,45,0,15,90,0,0,800,0,0
184,0,0,3,0,0,0,0.42,2.55,0,0,0,0,100000000,0,0,0,0,0.45,0,0,0,0,0,0,0,0
185,0,0,10,11,0,0,0,0,0,0,0,600,0,0,0,0,0,0,0,0,0,0,0,0,0,0
186,0,0,25,20,0,55,2.9,10.5,0,20,0,0,0,0,19.4,0,0,4.1,0,10,30,3.5,0,620,0,0
187,0,0,0,0,0,0,1.4,8.5,27.5,0,0,0,0,0,0,0,0,1.5,0,0,0,0,0,0,0,0
188,0,0,5,0,0,0,0,4.25,27.5,0,0,0,1000000000,0,0,0,0,0,0,0,0,0,0,0,0,0
189,0,0,10,11,0,0,0,0,0,0,0,600,0,0,0,0,0,0,0,0,0,0,0,0,0,0
190,0,0,0,11,0,0,0,0,0,0,0,500,0,0,0,0,0,0,0,0,0,0,0,0,0,0
191,0,0,0,0,0,50,0,0,0,14,0,0,0,0,0,0,0,0,0,0,0,0,0,120,0,0
192,0,0,10,0,35,0,0,0,0,0,150,0,0,0,0,0,300,0,0,0,0,1.5,0,0,0,0
193,0,0,0,0,0,0,0,2.55,0,0,105,0,0,0,0,0,210,0,0,0,0,0,0,0,0,0
194,0,0,10,0,0,0,0,8.5,0,0,150,0,0,0,0,0,300,0,0,0,0,0,0,0,0,0
195,0,0,10,0,0,0,0,8.5,0,0,0,0,0,0,0,0,0,0,0,0,0,0,0,0,0,0
196,0,700,10,11,0,0,1.4,8.5,0,0,0,0,0,0,0,0,0,0,0,5,0,0,0,0,0,0
197,0,700,25,3.3,0,0,0,0,0,0,0,900,0,0,0,0,0,0,0,0,0,0,0,0,0,0
198,0,0,0,0,0,120,40,0,0,0,0,0,0,0,50,0,0,50,0,50,50,0,0,600,0,0
199,0,0,0,0,0,0,0,2.55,0,0,0,0,4000000000,0,0,0,0,0,0,0,0,0,0,0,0,0
200,0,0,5,0,0,0,0,6,0,0,0,0,0,0,0,0,0,0,0,0,0,0,0,0,0,0
201,0,0,0,0,0,700,2,0,0,0,0,0,0,0,0,0,0,5,0,0,0,0,0,0,0,0
202,0,0,0,0,0,200,2.8,8.5,0,0,0,0,0,0,0,0,0,3,0,10,150,0,0,400,0,0
203,0,0,0,0,0,0,1.4,8.5,0,0,0,0,0,0,0,0,0,1.5,0,0,0,0,0,0,0,0
204,0,0,0,0,0,0,1.4,2.55,0,0,0,0,0,0,0,0,0,1.5,0,0,0,0,0,0,0,0
205,0,0,12.5,0,0,0,0,8.5,0,0,0,0,0,0,0,0,210,0,0,0,0,0,0,0,0,0
206,0,0,17.5,0,0,50,0,0,0,0,0,0,0,0,0,0,210,0,0,0,0,0,0,0,0,0
207,0,350,5,5.5,0,50,0.7,4.25,0,3.6,0,0,0,0,0,0,0,0.75,0,2.5,0,1.5,0,200,0,0
208,0,0,0,0,0,100,1.4,0,0,3.6,0,0,0,0,15,0,0,0,0,5,0,0,9,0,0,0
209,0,0,0,12,0,0,0,0,0,0,0,600,0,0,0,0,0,0,0,0,0,0,0,0,0,0
210,0,700,0,0,0,200,0,0,0,0,0,0,0,0,0,0,0,0,0,0,0,0,0,0,0,0
211,0,0,0,0,0,0,0,8.5,0,0,151,0,0,0,0,0,299,0,0,0,0,0,0,0,0,0
212,0,0,50,3.3,0,0,0,0,0,0,0,600,0,0,0,0,0,0,0,0,0,0,0,0,0,0
213,0,700,0,11,0,100,0,0,0,0,0,0,5000000000,0,0,0,0,0,0,0,0,0,0,0,0,0
214,0,0,10,0,0,200,0,25.5,0,0,0,0,0,0,0,0,0,30,0,0,0,0,0,400,0,0
215,0,0,0,0,0,0,1.4,8.5,0,0,0,0,0,130,0,0,0,0,0,0,30,0,0,0,0,0
216,0,0,0,0,0,0,40,12,0,0,0,0,0,0,0,0,0,0,0,0,0,3.6,0,0,0,0
217,20,700,10,11,0,0,1.4,8.5,0,0,0,0,0,0,15,0,0,1.5,0,5,0,0,0,400,0,0
218,20,700,0,11,0,0,0,0,0,0,0,0,0,0,0,0,0,0,0,0,0,0,0,0,0,0
219,20,700,0,3.3,0,0,1.4,8.5,0,0,0,0,0,130,0,0,0,1.5,0,0,0,0,0,0,0,0
220,0,0,0,0,0,0,0,8.5,0,0,0,0,100000000,0,0,0,0,0,0,0,0,0,0,0,0,0
221,0,700,0,11,0,0,0,0,0,0,0,0,0,0,0,0,0,0,0,0,0,0,0,0,0,0
222,0,0,0,0,0,0,1.4,0,0,0,0,0,0,130,15,0,0,1.5,0,5,0,0,0,0,0,0
223,0,700,0,11,0,0,0,0,0,0,0,0,0,0,0,0,0,0,0,0,0,0,0,0,0,0
224,0,0,25,0,0,0,0,8.5,0,0,350,0,0,0,0,0,700,0,0,0,0,0,0,0,0,0
225,0,0,10,0,0,0,0,8.5,0,0,0,0,0,0,4.5,0,0,0,0,0,0,0,0,0,0,0
226,0,0,0,0,0,0,1.4,8.5,0,0,0,0,0,130,15,0,0,1.5,0,5,30,0,0,0,0,0
227,0,0,0,0,0,100,0,8.5,0,0,0,0,0,0,15,0,0,0,0,5,0,0,0,1200,0,0
228,0,0,3,0,0,0,0,12,16.5,0,0,0,0,0,0,0,0,0,0,0,0,0,0,0,0,0
229,0,0,20,0,0,0,0,0,0,0,0,0,0,0,0,0,0,0,0,0,0,0,0,0,0,0
230,20,700,0,3.3,0,0,0,0,0,0,0,900,0,0,0,0,0,0,0,0,0,0,0,0,0,0
231,0,0,0,0,0,0,0,8.5,0,0,94.5,0,0,0,0,0,210,0,0,0,0,0,0,0,0,0
232,0,0,10,0,0,0,0,3.6,0,0,0,0,0,0,0,0,210,0,0,0,0,0,0,0,0,0
233,0,0,0,0,0,0,1.4,8.5,0,0,0,0,0,0,0,0,0,1.5,0,0,0,0,0,0,0,0
234,0,0,50,16.5,70,100,50,17,55,3.6,0,0,0,0,50,0,0,50,6,0,200,3,30,0,0.8,25
235,0,0,10,0,0,0,0,6,0,0,0,0,0,0,6,0,0,0,0,0,0,0,0,0,0,0
236,0,0,0,0,0,0,0,2.55,0,0,0,0,100000000,0,0,0,0,0,0,0,0,0,0,0,0,0
237,0,0,10,0,0,100,0,8.5,0,0,0,0,0,0,0,0,0,0,0,0,0,0,0,0,0,0
238,0,0,5,6,0,0,0.6,4,0,0,0,0,0,0,7,0,0,0.7,0,0,0,0,0,0,0,0
239,0,0,3,0,0,0,0,12,16.5,0,0,0,0,0,0,0,0,0,0,0,0,0,0,0,0,0
240,0,700,20,11,0,100,7,0,0,0,0,0,2000000000,0,75,0,0,7.5,0,0,30,0,0,0,0,0
241,20,600,0,5,0,0,0,8,0,0,0,0,0,0,0,0,0,0,0,0,0,0,0,0,0,0
242,0,700,0,5,0,0,0,0,0,0,0,0,0,0,0,0,0,0,0,0,0,0,0,0,0,0
243,0,0,15,0,0,1000,0,9,0,0,0,0,0,0,0,0,0,0,0,0,0,0,0,0,0,0
244,0,0,0,0,0,0,0,2.55,0,0,0,0,0,130,0,0,0,0,0,0,0,0,0,120,0,0
245,0,0,0,0,0,50,0,0,0,14.2,0,0,0,0,0,0,0,0.9,0,0,0,0,0,0,0,0
246,0,0,10,0,0,0,0,2.55,0,0,0,0,1000000000,0,0,0,0,0,0,0,0,0,0,0,0,0
247,0,0,0,0,0,60,0,13,0,0,0,0,0,0,0,0,0,3,0,0,0,0,0,800,0,0
248,0,0,10,0,0,0,0,4.25,0,0,0,0,0,0,0,0,0,0,0,0,0,0,0,0,0,0
249,0,0,0,0,0,0,0,2.55,0,0,0,0,1000000000,0,0,3,0,0,0,0,0,0,0,0,0,0
250,0,0,10,0,0,0,0,8.5,0,0,0,0,5000000000,0,0,0,0,1.5,0,0,0,0,0,400,0,0
251,0,0,0,11,0,0,0,0,0,0,0,600,0,0,0,0,0,0,0,0,0,0,0,0,0,0
252,0,0,0,0,0,0,1.2,12,50,0,0,0,0,0,0,0,0,0,0,0,0,1.86,0,0,0,0
253,0,0,0,0,0,100,0,8.5,0,0,0,0,0,0,0,0,0,0,0,0,0,0,0,0,0,0
254,0,0,0,0,0,100,0,0,0,0,0,0,0,0,0,0,0,0,0,0,0,0,0,0,0,0
255,0,0,10,0,0,100,1.5,10.8,105.4,0,0,0,0,0,15.5,0,0,2.1,0,5.1,169.3,3,94,440,0,25
256,0,0,0,0,0,0,0.6,4,38,0,0,0,0,130,5,0,0,0.9,0,2,0,0,0,200,0,0
257,0,0,25,0,0,0,0,0,0,0,0,600,0,0,0,0,0,0,0,0,0,0,0,0,0,0
258,0,0,0,0,0,100,0.4,0,0,0,0,0,0,0,0,0,0,1,0,0,0,0,0,0,0,0
259,0,0,10.8,0,0,100,1.4,8.5,55.1,0,0,0,0,0,15.2,0,0,1.5,0,5,30.5,3,30.2,400,0,25
260,20,0,0,0,0,0,0,6,0,0,0,0,0,0,0,0,0,0,0,0,0,0,0,0,0,0
261,0,0,10,0,70,100,0,8.5,0,0,0,0,0,0,0,0,0,0,0,0,0,0,0,0,0,0
262,0,210,0,5.2,0,0,0,0,0,0,0,0,0,0,0,0,0,0,0,0,0,0,0,0,0,0
263,0,0,0,0,0,0,1.22,4.25,20,0,0,0,0,130,4.5,0,0,1.42,0,2.6,0,0,0,0,0,0
264,0,0,10,0,0,0,0,0,0,0,100,0,0,0,0,0,700,0,0,0,0,0,0,0,0,0
265,0,0,0,0,0,0,0,2.89,0,0,0,0,200000000,0,0,0,0,0,0,0,0,0,0,0,0,0
266,0,0,5,5,0,0,0,6,0,0,0,0,0,0,15,0,0,1.5,0,0,0,0,0,0,0,0
267,0,0,10,0,70,0,0,0,0,0,0,0,0,0,0,0,210,0,0,0,0,0,0,0,0,0
268,0,0,25,0,0,0,0,0,0,0,250,0,0,0,0,0,500,0,0,0,0,0,0,0,0,0
269,0,0,10,0,0,0,0,0,0,0,0,0,0,0,0,0,210,0,0,0,0,0,0,0,0,0
270,0,0,3,0,0,0,0,0,0,0,0,0,0,0,0,0,210,0,0,0,0,0,0,0,0,0
271,0,0,5,5,0,0,0,6,0,0,0,0,0,0,15,0,0,1.5,0,0,0,0,0,0,0,0
272,0,0,0,0,0,0,1.4,8.5,55,0,0,0,0,0,0,0,0,1.5,0,0,0,0,0,0,0,0
273,20,0,0,3.3,0,0,0,2.55,0,0,0,0,0,0,0,0,0,0,1,0,0,0.9,0,0,0.24,0
274,0,0,0,0,0,0,0,8.5,0,0,0,0,1000000000,0,0,0,0,0,0,0,0,0,0,0,0,0
275,0,0,0,3.3,0,0,0,10.2,0,0,0,0,0,0,0,0,0,0,0,0,0,0,0,0,0,0
276,0,0,10,22,0,100,1.4,8.5,55,0,0,500,0,130,15,0,0,1.5,0,5,30,3,0,400,0.8,0
277,0,221,3.5,3.3,0,40,0.42,3.4,0,0,0,0,0,0,5,0,0,0.75,0,1.72,0,0,0,200,0,0
278,0,0,10,22,0,100,1.4,8.5,0,0,0,500,0,0,15,0,700,1.5,0,5,30,3,0,400,0.8,0
279,20,0,0,3.3,0,0,0,2.55,0,0,0,0,0,0,0,0,0,0,1,0,0,0,0,0,0,0
280,0,0,0,0,0,0,0,3,30.6,0,0,0,0,130,4.9,0,0,0,0,1.68,45.9,0,30.6,165.2,0,0
281,0,0,75,3.3,0,0,0,0,0,0,0,0,0,0,0,0,0,0,0,0,0,0,0,0,0,0
282,0,0,0,0,0,0,0,8.5,0,0,0,0,100000000,0,0,0,0,0,0,0,0,0,0,0,0,0
283,0,0,0,0,0,0,0,5,0,0,0,0,100000000,0,0,3,0,0,0,0,0,0,0,0,0,0
284,0,0,0,0,0,0,0,3,25,0,0,0,1000000000,0,0,0,0,0,0,0,0,0,0,0,0,0
285,0,210,0,0,0,100,0.42,3,0,0,0,0,0,0,0,0,0,0.45,0,0,0,0,0,120,0,0
286,0,0,0,0,0,33,0,0,0,12,0,0,0,0,0,0,0,0,0,0,0,0,0,0,0,0
287,0,0,10,0,0,100,0.42,0,0,0,0,0,0,0,4.5,0,0,0.45,0,1.5,0,0,0,0,0,0
288,0,0,0,0,0,30,0,0,0,24,0,0,0,0,0,0,0,0,0,0,0,0,0,0,0,0
289,0,0,0,0,0,500,0.42,7,0,0,0,0,0,0,0,0,0,0.45,0,0,0,0,0,0,0,0
290,0,700,10,0,70,0,1.4,8.5,55,12,0,0,0,0,15,0,0,1.5,0,5,0,3,0,400,0,25
291,0,0,10,0,0,0,0,0,55,0,250,0,0,0,0,0,0,0,0,0,0,0,0,0,0,0
292,0,0,10,0,0,500,0,0,0,0,0,0,0,0,0,0,0,0,0,0,0,0,0,0,0,0
293,0,0,0,3.3,0,0,0,0,0,0,0,1000,0,0,0,0,0,0,0,0,0,0,0,0,0,0
294,20,700,0,3.3,0,0,0,0,0,0,0,0,0,0,0,0,0,0,0,0,0,0,0,0,0,0
295,20,750,0,11,0,0,0,12,0,0,0,0,0,0,0,0,0,0,0,0,0,0,0,0,0,0
296,0,0,0,0,0,100,0,8.5,0,0,0,0,0,0,0,0,0,0,0,0,0,0,0,0,0,0
297,0,0,0,0,0,0,0,0,0,0,100,0,0,0,0,0,300,4,0,0,0,0,0,0,0,0
298,0,0,3,0,0,40,0,8.5,0,0,0,0,0,0,0,0,0,0,0,2.3,0,0,0,0,0,0
299,0,210,0,0,0,0,0,2.55,0,0,0,0,1000000000,0,0,0,0,0,0,0,0,0,0,0,0,0
300,0,0,0,0,0,0,0,8.5,0,0,0,0,100000000,0,0,4,0,0,0,0,0,0,0,0,0,0
301,0,0,0,3.3,0,0,0,0,0,0,0,500,0,0,0,0,0,0,0,0,0,0,0,0,0,0
302,0,0,0,0,0,200,0,0,0,0,0,0,0,130,0,0,0,0,0,0,0,0,0,0,0,0
303,20,210,0,3.35,0,0,0.45,2.62,16.5,0,0,0,0,0,0,0,0,0,0.42,0,0,0,0,0,0,0
304,0,0,3,0,0,0,0,0,0,0,0,0,300000000,0,0,0,0,0,0,0,0,0,0,0,0,0
305,0,350,0,5.5,0,500,0.7,0,0,0,0,0,0,0,0,0,0,0,0,0,0,0,0,0,0,0
306,0,0,10,0,0,0,0,0,0,0,200,0,0,0,0,0,400,0,0,0,0,0,0,0,0,0
307,0,0,0,0,0,0,0,3,0,0,0,0,1600000000,0,0,3,0,0,0,0,0,0,0,0,0,0
308,0,0,0,0,0,0,0,2.55,0,0,0,0,1000000000,0,0,0,0,0,0,0,0,0,0,0,0,0
309,0,0,20,0,0,0,0,0,0,0,111,0,0,0,6,0,435,3.2,0,0,0,0,0,0,0,0
310,0,0,0,3.3,0,0,0,0,0,0,0,1000,0,0,0,0,0,0,0,0,0,0,0,0,0,0
311,0,0,0,0,0,0,0,8.5,0,0,0,0,10000000000,0,0,0,0,0,0,0,0,0,0,0,0,0
312,0,0,0,0,0,0,0,8.5,0,12,0,0,1000000000,0,0,0,0,0,0,0,0,0,0,0,0,0
313,0,0,0,0,0,0,0,8.5,0,0,0,0,100000000,0,0,0,0,0,0,0,0,0,0,0,0,0
314,0,0,0,0,0,0,0,8.5,0,0,0,0,200000000,0,0,3.4,0,0,0,5,0,0,0,0,0,0
315,0,0,0,0,0,0,0,8.5,0,0,0,0,5000000000,0,0,0,0,0,0,0,0,0,0,0,0,0
316,20,0,10,0,0,0,0,8.5,55,0,0,0,0,130,0,0,0,0,0,0,50,0,0,0,0,0
317,0,0,10,0,0,0,0,3.5,0,0,0,0,5000000000,0,0,0,0,0,0,0,0,0,0,0,0,0
318,10,350,10,5.5,0,100,11,2.55,16.5,0,0,500,0,0,15,0,0,12,0,10,40,0.9,15,400,0,7.5
319,0,0,100,0,100,0,10,18,200,0,0,0,0,0,34,0,0,10,0,10,300,5,0,600,0,10
320,0,0,15,30,0,100,4,15,70,14,0,500,0,0,20,0,0,8.5,0,6,150,3.5,34,600,1.3,0
321,0,0,10,0,0,0,0,2.55,0,0,0,0,0,0,0,0,210,0,0,0,0,0,0,0,0,0
322,0,0,10,0,0,0,0,2.55,0,0,0,0,0,0,0,0,0,0,0,0,0,0,0,0,0,0
323,0,0,0,3.3,0,0,0,0,0,0,0,1000,0,0,0,0,0,0,0,0,0,0,0,0,0,0
324,0,0,0,3.3,0,30,0,0,0,0,0,0,0,0,4.5,0,0,0.45,0,0,0,0,0,0,0,0
325,0,0,0,0,0,0,0,10,100,0,0,0,0,0,0,0,0,0.45,0,180,1000,0,100,200,0,0
327,0,0,0,0,0,0,0,5,0,0,0,0,100000000,0,0,3,0,0,0,0,0,0,0,0,0,0
328,0,0,0,0,0,0,0,8.5,0,0,0,0,100000000,0,0,3,0,0,0,5,0,0,0,0,0,0
329,0,700,25,11,0,0,0,8.5,0,0,0,0,0,0,0,0,0,0,0,0,0,0,0,0,0,0
330,0,0,0,0,0,0,0,8.5,0,0,0,0,100000000,0,0,0,0,0,0,0,0,0,0,0,0,0
331,0,0,0,0,0,30,0,0,0,0,94.5,0,0,0,0,0,0,0,0,1.5,0,0,0,0,0,0
332,0,0,0,0,0,100,3,0,0,0,0,0,0,0,34,0,0,4,0,12,0,0,0,0,0,0
333,0,700,10,7.7,0,220,0.7,0,0,0,0,0,0,0,0,0,0,0.75,0,5,0,0,0,0,0,0
334,0,0,25,0,0,0,0,0,0,0,0,1000,0,0,0,0,0,0,0,0,0,0,0,0,0,0
335,0,0,10,0,0,0,1.4,0,0,0,315,0,0,0,0,0,0,1.5,0,0,0,0,0,0,0,0
336,20,0,0,3.3,0,0,14,0,55,0,0,600,0,0,75,0,0,15,0,25,0,0,0,0,0,0
337,20,700,0,3.3,0,0,1.4,8.5,0,0,105,900,0,130,0,0,0,1.5,0,10,0,0,0,0,0,0
338,0,0,0,0,0,1000,0,2.6,0,0,0,0,0,0,0,0,0,0,0,0,0,0,0,0,0,0
339,0,490,7,6.6,0,45,0,0,38,0,0,0,0,0,10.5,0,0,0,0,0,0,0,0,0,0,0
340,0,0,10,0,0,0,0,4.25,0,0,0,0,1000000000,0,0,0,0,0,0,0,0,0,0,0,0,0
341,20,700,0,3.3,0,0,1.4,8.5,0,0,105,0,0,130,0,0,0,1.5,0,10,0,0,0,0,0,0
342,20,700,0,3.3,0,0,0,0,0,0,105,900,0,0,0,0,0,0,0,0,0,0,0,0,0,0
343,0,0,3,0,0,30,0,2.55,0,0,0,0,0,0,0,0,210,0.45,0,0,0,0.9,0,0,0,0
344,0,0,10,0,0,0,0,4.25,16.5,0,0,0,700000000,0,0,0,0,0,0,0,0,0,0,0,0,0
345,20,700,0,3.3,0,0,1.4,8.5,0,0,0,900,0,130,0,0,0,1.5,0,10,0,0,0,0,0,0
346,0,0,0,0,0,0,1.4,8.5,0,0,105,900,0,130,0,0,0,1.5,0,10,0,0,0,0,0,0
347,0,0,0,0,0,0,0,2.55,0,0,0,0,2000000000,0,0,0,0,0,0,0,0,0,0,0,0,0
348,0,0,0,0,0,0,0,2.55,0,0,0,0,1000000000,0,0,0,0,0,0,0,0,0,0,0,0,0
349,0,0,3,0,0,0,0,7,0,0,0,0,0,0,0,0,0,0,0,2.3,0,0,0,0,0,0
350,0,0,10,3.3,0,0,0,2.55,0,0,0,500,0,0,0,0,0,0,0.42,0,0,0,0,0,0,0
351,0,0,0,0,0,0,0,2.55,16.5,0,0,0,1000000000,0,0,0,0,0,0,0,0,0,0,0,0,0
352,0,0,0,0,0,0,5,3,0,0,0,0,0,130,50,0,0,5,0,15,0,0,0,0,0,0
353,0,0,0,0,0,0,0,3.15,0,0,0,0,1000000000,0,0,0,0,0,0,0,0,0,0,0,0,0
354,0,0,0,0,0,0,0,8.5,0,0,0,0,100000000,0,0,0,0,0,0,0,0,0,0,0,0,0
355,0,0,3,0,0,40,0,8.5,0,0,0,0,0,0,0,0,0,0,0,2.3,0,0,0,0,0,0
356,0,0,0,0,0,0,0,10.6,0,0,0,0,10000000000,0,0,0,0,0,0,0,0,0,0,0,0,0
357,0,0,0,3.3,0,0,0,0,0,0,0,900,0,0,0,0,0,0,0,0,0,0,0,0,0,0
358,0,0,0,0,0,0,0,2.6,16.5,0,0,0,100000000,0,0,0,0,0,0,0,0,0,0,0,0,0
359,0,0,0,0,0,0,0,3,20,0,0,0,1000000000,0,0,3,0,0,0,0,0,0,0,0,0,0
360,20,750,0,11.1,0,0,0,0,0,0,0,0,0,0,0,0,0,0,0,0,0,0,0,0,0,0
361,0,0,10,0,0,0,0,8.5,0,0,0,0,1000000000,0,0,3,0,0,0,0,0,0,0,0,0,0
362,0,0,0,0,0,0,0,8.5,55,0,0,0,1000000000,0,0,3,0,0,0,0,0,0,0,0,0,0
363,20,700,50,11,0,700,70,2.55,0,0,0,0,0,0,0,0,0,75,0,0,0,0,0,0,0,0
364,20,0,0,0,0,0,0,0,0,0,0,600,0,0,0,0,0,0,0,0,0,0,0,0,0,0
365,0,700,10,11,0,0,0,0,0,0,0,600,0,0,0,0,0,0,0,0,0,0,0,0,0,0
366,0,720,10,11,21,100,2.8,8.5,16.5,3.8,94.5,0,0,0,50,0,0,3,0,10,150,1.2,18,400,0.4,0
367,0,0,100,0,0,100,0,0,0,0,0,0,0,0,0,0,0,0,0,0,0,0,0,0,0,0
368,0,700,25,11,0,0,0,8.5,0,0,0,0,0,0,0,0,0,0,0,0,0,0,0,0,0,0
369,0,0,0,0,0,0,1.68,0,0,0,0,0,0,130,18,0,0,1.8,0,6,36,0,0,480,0,0
370,0,0,10,4,0,0,0,0,0,0,150,0,0,0,0,0,300,0,0,0,0,0,0,0,0,0
371,0,0,10,11,0,0,1.4,8.5,0,0,157.5,600,0,0,0,0,0,1.5,0,5,0,3,0,400,0,0
372,0,0,15,0,0,0,0,0,0,0,0,1000,0,0,0,0,0,0,0,0,0,0,0,0,0,0
373,0,0,0,0,0,0,0,2.55,0,0,0,0,100000000,0,0,0,0,0,0,0,0,0,0,0,0,0
374,0,0,30,0,0,300,42,0,0,0,0,0,0,130,45,0,0,45,0,15,90,0,0,800,0,0
375,0,0,0,0,0,0,0,5,0,0,0,0,100000000,0,0,3,0,0,0,1.5,0,0,0,0,0,0
376,0,0,0,11,0,100,1.4,8.5,0,0,0,0,0,0,0,0,0,1.5,0,0,0,0,0,0,0,0
377,20,840,0,13.2,0,0,0,0,0,0,0,600,0,0,0,0,0,0,0,0,0,0,0,0,0,0
378,0,0,0,0,0,40,0,2.55,0,0,0,0,0,0,0,0,0,0,0,0,0,0,0,0,0,0
379,0,0,0,0,0,0,0,0,0,14,0,0,0,0,0,0,0,1.5,0,0,0,0,0,400,0,0
380,0,0,0,0,0,0,0,8.5,0,0,0,0,100000000,0,0,3,0,0,0,5,0,0,0,0,0,0
381,0,0,10,0,0,0,0,0,0,0,150,0,0,0,0,0,300,0,0,0,0,3,0,0,0,0
382,0,0,0,0,0,40,0,8.5,0,0,0,0,0,0,9,0,0,0,0,3,0,0,0,0,0,0
383,0,0,10,0,0,0,1.4,3,0,0,0,0,0,0,15,0,0,1.5,0,0,0,0,0,0,0,0
384,0,0,0,0,0,0,0.42,8.5,0,0,0,0,700000000,0,0,0,0,0.45,0,0,0,0,0,0,0,0
385,0,0,0,11,0,0,0,0,0,0,0,0,0,130,0,0,0,0,0,0,0,0,0,0,0,0
386,0,0,0,5,0,74,0,0,0,0,0,550,0,0,0,0,0,0,0,0,0,0,0,0,0,0
387,0,0,0,0,0,0,1.2,0,0,0,0,0,0,130,13.5,0,0,1.4,0,4.6,0,0,0,0,0,0
388,0,0,0,0,0,0,0,4,0,0,0,0,0,0,0,0,275,3,0,0,0,0,0,0,0,0
389,0,0,10,0,0,0,0,0,0,0,0,0,10000000000,0,0,0,0,0,0,0,0,0,0,0,0,0
390,0,0,0,0,0,0,0,2.55,16.5,0,0,0,100000000,0,0,0,0,0,0,0,0,0,0,0,0,0
391,0,0,10,0,0,0,0.51,3.2,32,3.6,0,0,0,0,5.15,0,0,0.62,0,1.76,48,0.9,32,172.8,0,7.5
392,0,0,75,3.3,0,0,0,0,0,0,0,0,0,0,0,0,0,0,0,0,0,0,0,0,0,0
393,0,0,10,0,0,0,1.4,8.5,0,0,0,0,0,0,0,0,0,0,0,7.5,0,0,0,0,0,0
394,0,0,5,0,0,0,0,3,0,0,0,0,0,0,5,0,0,0,0,0,0,0,0,0,0,0
395,0,0,0,0,0,0,0,2.975,0,0,0,0,1000000000,0,0,0,0,0,0,0,0,0,0,0,0,0
396,0,0,0,0,0,0,1.4,4.25,27.5,0,0,0,0,130,7.5,0,0,1.5,0,2.5,0,0,0,200,0,0
397,0,0,0,0,0,0,0,2.55,0,0,0,0,1000000000,0,0,0,0,0,0,0,0,0,0,0,0,0
398,0,0,10,0,0,0,0,8.5,0,0,94.5,0,0,0,0,0,210,0,0,0,0,0,0,0,0,0
399,0,0,0,11,0,1000,16.8,0,75,0,0,0,0,0,41,0,0,6.9,0,35,0,0,0,0,0,0
400,0,0,10,0,0,1000,0,0,55,0,0,0,0,0,0,0,0,0,0,0,0,0,0,0,0,0
401,0,0,0,0,0,0,1.4,0,0,0,0,0,0,130,15,0,0,1.5,0,5,0,0,0,0,0,0
402,20,700,0,5.5,0,0,0,8.5,0,0,0,0,0,0,0,0,0,0,0,0,0,0,0,0,0,0
403,0,210,3,3.3,21,30,0.42,2.55,16.5,3.6,0,0,0,0,4.5,0,0,0.45,0,1.5,30,1,9,120,0.3,7.5
404,20,700,0,11,0,0,0,0,0,0,0,0,0,0,0,0,0,0,0,0,0,0,0,0,0,0
405,0,0,0,0,0,0,0,3,0,0,0,0,10000000000,0,0,0,0,0,0,0,0,0,0,0,0,0
406,0,0,35,0,0,0,0,0,0,0,0,1000,0,0,0,0,0,0,0,0,0,0,0,0,0,0
407,0,0,4.5,0,0,0,0,2.55,0,0,0,0,500000000,0,0,0,0,0,0,0,0,0,0,0,0,0
408,0,0,10,0,0,0,0,2.55,55,0,0,0,1000000000,0,0,3,0,0,0,0,0,0,0,0,0,0
409,0,0,0,0,0,0,0,8.5,0,0,0,0,0,130,0,0,0,0,0,0,0,0,0,0,0,0
410,0,0,25,0,0,0,0,10,0,45,120,0,100000000,0,0,0,240,10,0,0,0,0,0,800,0,0
411,0,700,10,11,0,100,1.4,8.5,55,0,0,0,0,0,15,0,0,1.5,0,5,30,3,0,400,0,0
412,0,0,0,0,0,0,0,8.5,0,0,0,0,100000000,0,0,0,0,0,0,0,0,0,0,0,0,0
413,0,0,10,0,0,0,0,12,0,0,0,0,0,0,0,0,210,0,0,0,300,0,0,0,0,0
414,0,0,10,0,0,0,0,0,0,0,94.5,0,0,0,0,0,210,0,0,0,0,0,0,0,0,0
415,0,0,10,0,0,2000,0,0,0,0,0,0,0,0,0,0,0,0,0,0,0,0,0,0,0,0
416,10,0,0,11,0,50,0,6,0,0,0,0,0,0,0,0,0,0,0,0,0,0,0,0,0,0
417,0,0,3,0,0,0,0.42,2.55,0,0,0,0,100000000,0,0,0,0,0.45,0,0,0,0,0,0,0,0
418,0,0,0,0,0,50,0,12.5,0,0,0,0,0,0,0,0,0,3,0,0,0,0,0,620,0,0
419,0,0,0,0,0,0,0,2.55,0,0,0,0,1000000000,0,0,0,0,0,0,0,0,0,0,0,0,0
420,0,0,25,0,0,0,0,0,0,0,0,1000,0,0,0,0,0,0,0,0,0,0,0,0,0,0
421,0,700,10,11,70,100,1.4,8.5,55,12,0,0,0,0,15,0,0,1.5,0,5,0,3,0,400,0,0
422,0,0,0,0,0,0,0,8.5,0,0,0,0,100000000,0,0,3,0,0,0,0,0,0,0,0,0,0
423,0,0,10,3.3,0,0,0,0,0,0,0,700,0,0,0,0,0,0,1,0,0,0,0,0,0,0
424,0,0,0,0,0,0,0,2.55,0,0,0,0,20000000000,0,0,0,0,0,0,0,0,0,0,0,0,0
425,0,0,0,0,0,0,0,2.56,0,0,0,0,100000000,0,0,0,0,0,0,0,0,0,0,0,0,0
426,0,0,0,0,0,0,0,5,0,0,0,0,100000000,0,0,3,0,0,0,1.5,0,0,0,0,0,0
427,0,0,0,0,0,0,0,3,17,0,0,0,10000000000,0,0,0,0,0.6,0,0,0,0,0,0,0,0
428,0,0,0,0,0,0,0,2.55,0,0,0,0,20000000000,0,0,0,0,0,0,0,0,0,0,0,0,0
429,0,0,0,0,0,0,0,8.5,0,0,0,0,0,130,75,0,0,0,0,25,0,0,0,0,0,0
430,0,0,0,0,0,0,0,2.55,0,0,0,0,20000000000,0,0,0,0,0,0,0,0,0,0,0,0,0
431,0,0,10,0,0,0,0,0,0,0,150,0,0,0,0,0,300,0,0,0,0,3,0,0,0,0
432,0,0,0,0,0,0,0,8.5,0,0,0,0,1000000000,0,0,3,0,0,0,0,0,0,0,0,0,0
433,0,0,0,0,0,0,0,2.55,0,0,0,0,0,0,0,0,0,0,0,0,0,0,0,0,0,0
434,0,0,0,0,0,0,0,2.55,0,0,0,0,2000000000,0,0,0,0,0,0,0,0,0,0,0,0,0
435,0,0,0,0,0,0,0,2.55,0,0,0,0,1.00E+11,0,0,0,0,0,0,0,0,0,0,0,0,0
436,0,0,0,0,0,0,0,2.55,0,0,0,0,1000000000,0,0,0,0,0,0,0,0,0,0,0,0,0
437,0,0,0,0,0,0,0,2.55,0,0,0,0,200000000,0,0,0,0,0,0,0,0,0,0,0,0,0
438,0,0,25,0,0,0,0,0,0,0,150,0,0,0,0,0,300,0,0,0,0,3,0,0,0,0
439,0,700,10,11,0,100,2.1,0,55,0,0,0,0,0,25.5,0,0,1.5,0,5,30,0,0,400,0,0
440,0,0,10,0,0,0,0,0,0,0,0,0,100000000,0,0,0,0,0,0,0,0,0,0,0,0,0
441,0,0,0,0,0,70,0,4.25,16.5,0,0,0,0,0,0,0,210,0,0,0,0,0,0,0,0,0
442,0,0,10,0,35,0,0,0,0,0,0,0,0,0,0,0,300,0,0,0,0,0.9,0,0,0,0
443,0,210,3,3.3,0,30,0.42,2.55,16.5,0,0,0,0,0,4.5,0,0,0.45,0,1.5,0,0,0,0,0,0
444,0,700,0,16.5,0,100,0,4.25,135,0,0,0,0,0,0,0,0,0,0,0,0,0,0,0,0,0
445,0,0,0,0,0,0,14,24,0,0,0,0,0,0,0,0,0,0,0,0,0,0,0,0,0,0
446,0,0,0,8.3,0,0,50,30,0,0,0,0,0,0,45,0,0,50,0,100,900,0,0,400,0,0
447,0,700,5,11,70,0,3.5,0,0,0,0,0,0,0,15,0,0,3.7,0,5,0,0,0,400,0,0
448,0,700,10,11,70,0,1.4,8.5,0,12,0,0,0,0,15,0,0,1.5,0,5,0,3,0,400,0,25
449,0,0,0,0,0,0,0,2.55,0,0,0,0,100000000,0,0,0.7,0,0,0,0,0,0,0,0,0,0
450,0,700,0,0,0,100,1.4,0,0,0,0,0,0,0,15,0,0,1.5,0,5,10000,0,0,0,0,0
451,20,0,0,0,0,0,0,0,0,0,0,600,0,0,0,0,0,0,0,0,0,0,0,0,0,0
452,0,0,0,0,0,0,0,8.5,0,0,0,0,100000000,0,0,3,0,0,0,0,0,0,0,0,0,0
453,0,0,0,3.3,0,0,0,0,0,0,0,500,0,0,0,0,0,0,0,0,0,0,0,0,0,0
454,0,0,0,0,0,0,1.4,8.5,0,0,0,0,3000000000,0,0,0,0,1.5,0,0,0,0,0,0,0,0
455,0,0,10,0,0,0,0,8.5,0,0,0,0,1000000000,0,0,0,0,0,0,0,0,0,0,0,0,0
456,0,0,10,0,0,0,0,0,0,0,0,1000,0,0,0,0,0,0,0,0,0,0,0,0,0,0
457,0,0,10,0,0,0,0,10,0,0,0,0,0,0,15,0,0,0,0,0,0,0,0,0,0,0
458,0,0,0,0,0,0,0,2.55,0,0,0,0,100000000,0,0,3,0,0,0,3,0,0,0,0,0,0
459,0,0,0,0,0,0,0,2.55,0,0,0,0,500000000,0,0,0,0,0,0,0,0,0,0,0,0,0
460,0,0,5,0,0,0,0,4.25,27.5,0,0,0,1000000000,0,0,3,0,0,0,0,0,0,0,0,0,0
461,20,0,0,0,0,0,0,0,0,0,0,600,0,0,0,0,0,0,0,0,0,0,0,0,0,0
462,0,0,0,3.3,0,30,0,3.6,0,0,0,0,0,0,0,0,0,0,0,0,0,0,0,0,0,0
463,0,0,0,0,0,0,40,12,0,0,0,0,0,0,0,0,0,0,0,0,0,3.6,0,0,0,0
464,0,0,0,0,0,0,0,2.55,0,0,0,0,0,0,0,0,0,0,0,0,0,0,0,0,0,0
465,0,0,0,3.3,0,0,0,0,0,0,0,500,0,0,0,0,0,0,0,0,0,0,0,0,0,0
466,0,0,10,11,0,0,0,8.5,55,0,0,0,0,0,0,0,0,0,0,0,0,0,0,400,0,0
467,0,1050,15,16.5,0,150,2.8,0,0,0,0,0,0,0,30,0,0,3,0,10,60,0,0,600,0,0
468,0,0,10,0,0,0,0,8.5,0,0,0,0,0,0,0,0,0,0,0,0,0,0,0,0,0,0
469,0,0,25,0,0,0,0,0,0,0,0,0,0,0,0,0,0,20,0,0,0,0,0,800,0,0
470,0,0,10,0,0,0,0,0,0,0,0,0,0,0,0,0,210,0,0,0,0,0,0,0,0,0
471,0,0,10,0,0,0,0,8.5,55,0,0,0,0,0,0,0,0,1.5,0,0,0,0,0,0,0,0
472,0,0,0,0,0,0,0,8.5,0,0,0,0,0,130,0,0,0,1.5,0,0,0,0,0,0,0,0
473,0,0,0,3.3,0,0,0,0,0,0,0,700,0,0,0,0,0,0,0,0,0,0,0,0,0,0
474,0,0,50,3.3,0,0,0,8.5,0,0,0,0,0,0,0,0,0,0,0,0,0,0,0,0,0,0
475,0,0,10,11,0,100,70,8.5,55,0,94.5,0,0,0,0,0,0,75,0,0,0,3,0,0,0.8,0
476,0,0,5,0,0,0,0,2.55,19.25,0,0,0,10000000000,0,0,0.75,0,0,0,0,0,0,0,0,0,0
477,0,0,0,0,0,0,1.6,0,0,0,0,0,0,130,18,0,0,1.9,0,6.2,0,0,0,0,0,0
478,0,0,0,3.3,0,0,0,0,0,0,0,600,0,0,0,0,0,0,0,0,0,0,0,0,0,0
479,0,346,0,3.7,0,31,0,0,0,0,0,0,0,0,5.2,0,0,0,0,3.5,0,0,0,0,0,0
480,0,0,10,0,0,0,0,8.5,0,0,0,0,0,0,0,0,0,0,0,0,0,0,0,0,0,0
481,0,0,0,0,0,100,3,0,0,0,0,0,0,0,34,0,0,4,0,12,90,0,0,400,0,0
482,0,0,54,0,63,0,0,0,0,0,318,0,0,0,0,0,720,2,0,0,0,0,0,0,0.735,0
483,0,0,25,0,0,0,0,8.5,0,0,0,0,0,0,0,0,0,0,0,0,0,0,0,0,0,0
484,0,210,3,5.5,0,55,0.55,3.6,0,0,0,0,0,0,5,0,0,0.75,0,1.72,0,0,0,200,0,0
485,20,700,0,3.3,0,0,0,0,0,0,0,0,0,0,0,0,0,0,0,0,0,0,0,0,0,0
486,0,0,0,0,0,0,0,2.55,0,0,0,0,100000000,0,0,3,0,0,0,1.5,0,0,0,0,0,0
487,0,0,0,0,0,0,2,15,0,0,0,0,0,0,0,0,0,0,0,0,0,3,0,0,0,0
488,10,700,0,0,0,0,0,0,0,0,0,0,0,0,0,0,0,0,0,0,0,0,0,0,0,0
489,0,490,8,4.4,0,80,1.1,7.5,0,0,0,0,0,0,11,0,0,1.5,0,2.5,21,1.8,0,400,0.6,0
490,0,0,0,0,0,0,0,8.5,0,0,0,0,100000000,0,0,4,0,0,0,5,0,0,0,0,0,0
491,0,0,3,0,0,0,0.42,2.55,0,0,0,0,100000000,0,0,0,0,0.45,0,0,0,0,0,0,0,0
492,0,0,9,0,0,0,0,0,0,0,275,0,0,0,0,0,550,0,0,0,0,2.6,0,0,0,0
493,0,0,10,0,0,0,0,8,0,0,0,0,0,0,0,0,0,0,0,0,0,0,0,0,0,0
494,0,800,12,11,0,35,0,0,0,0,0,0,10000000000,0,0,0,0,0,0,0,0,0,0,500,0,0
495,0,0,0,3.3,0,0,0,0,0,0,0,600,0,0,0,0,0,0,0,0,0,0,0,0,0,0
496,0,210,8,30,0,100,32,9.6,55,0,94.5,0,0,0,0,0,0,25,0,0,720,0,50,320,0,0
497,0,350,10,5.5,70,100,3.5,8.5,44,6,104,0,0,0,22.5,0,230,1.5,0,10,30,3,24,520,0.4,20
498,0,0,0,0,0,0,0,2.55,0,0,0,0,1000000000,0,0,0,0,0,0,0,0,0,0,0,0,0
499,20,0,0,5.5,0,0,0,0,0,0,0,600,0,0,0,0,0,0,0.8,0,0,0,0,0,0,0
500,0,0,0,3.3,0,0,0,0,0,0,0,500,0,0,0,0,0,0,0,0,0,0,0,0,0,0
501,0,700,10,11,0,0,0,0,0,0,0,650,0,0,0,0,0,0,0,0,0,0,0,0,0,0
502,0,0,25,0,0,0,0,2.55,0,0,0,0,0,0,0,0,210,0,0,0,0,0,0,0,0,0
503,0,0,65,0,0,0,0,0,0,0,0,0,0,0,0,0,0,0,0,0,0,0,0,0,0,0
504,0,0,0,0,0,0,1.4,0,0,0,0,0,0,0,0,0,0,1.5,0,0,0,0,0,0,0,0
505,0,0,0,0,0,0,0,8.5,0,0,0,0,100000000,0,0,3,0,0,0,0,0,0,0,0,0,0
506,0,0,50,0,0,100,0,8.5,0,30,0,0,0,0,0,0,0,0,0,0,0,0,0,600,0,0
508,0,0,10,0,70,0,0,0,0,0,0,0,0,0,0,0,210,0,0,0,0,3,0,0,0,0
509,0,700,0,5,0,0,0,0,0,0,0,0,0,0,0,0,0,0,0,0,0,0,0,0,0,0
510,20,0,0,17,0,50,0,0,40,0,0,0,0,0,0,0,0,0,6,0,0,0,0,0,0,0
511,0,0,10,3.4,0,0,0,0,0,0,0,600,0,0,0,0,0,0,0,0,0,0,0,0,0,0
512,0,700,10,11,0,0,0,0,0,0,0,600,0,0,0,0,0,0,0,0,0,0,0,0,0,0
513,0,0,0,0,0,0,0,2.55,0,0,0,0,100000000,0,0,0,0,0,0,0,0,0,0,0,0,0
514,0,0,6.4,0,0,0,0,0,0,0,141,0,0,0,0,0,282,0,0,0,0,1.4,0,0,0,0
515,0,0,0,0,0,30,0,2.55,0,0,0,0,0,0,0,0,0,0,0,0,0,0,0,0,0,0
516,0,0,0,0,0,0,0,4.25,28,0,0,0,200000000,0,0,0.7,0,0,0,0,0,0,0,0,0,0
517,0,0,10,0,70,0,0,0,0,0,150,0,0,0,0,0,300,0,0,0,0,3,0,0,0,0
518,0,450,15,15,0,110,2.7,10.5,0,60,100,0,0,0,19,0,0,2.6,0,10,100,2.1,0,800,0.93,0
519,0,0,10,0,0,0,0,8.5,0,0,0,0,1000000000,0,0,3,0,0,0,0,0,0,0,0,0,0
520,0,0,20,0,0,0,0,8.5,0,0,110,0,0,0,0,0,420,3,0,0,0,0,0,0,0,0
521,0,0,0,0,0,0,6,8.5,0,0,0,0,0,0,0,0,0,2,0,0,0,0,0,0,0,0
522,0,0,0,0,0,0,2.4,7.2,0,0,0,0,0,130,0,0,0,0,0,0,0,0,0,0,0,0
523,20,0,0,3.6,0,0,0,8.5,0,0,0,0,0,130,0,0,0,0,0,0,0,0,0,0,0,0
524,0,0,10,0,0,0,0,8.5,0,0,0,0,100000000,0,0,3,0,0,0,0,0,0,0,0,0,0
525,20,0,0,0,0,0,0,8.5,0,0,0,0,0,130,0,0,0,0,0,0,0,0,0,0,0,0
526,0,0,10,11,0,0,0,0,0,0,0,1000,0,0,0,0,0,0,0,0,0,0,0,0,0,0
527,0,0,5,0,0,0,0,3,0,0,0,0,0,0,0,0,0,0,0,0,0,0,0,0,0,0
528,0,0,6,0,0,0,0,0,0,0,198,0,0,0,10,0,384,1,0,0,0,0,0,0,0,0
529,0,0,3,0,0,0,0,4.8,0,0,192,0,0,0,0,0,210,0,0,0,0,0,0,0,0,0
530,0,0,0,11,0,0,0,0,0,0,0,600,0,0,0,0,0,0,0,0,0,0,0,0,0,0
531,0,0,10,0,0,0,0,8.5,0,0,0,0,0,0,0,0,0,0,0,0,0,0,0,0,0,0
532,10,210,0,0,0,0,0,0,0,0,0,0,0,0,0,0,0,0.45,0,0,0,0,0,0,0,0
533,0,0,0,0,0,600,0,8.5,0,0,0,0,0,0,0,0,0,0,0,0,0,0,0,0,0,0
534,0,0,0,0,0,0,1.4,8.5,16.5,0,0,0,0,130,15,0,0,1.5,0,0,0,0,0,0,0,0
535,0,0,10,11,0,0,0,0,0,0,315,0,0,0,0,0,0,1.5,0,0,0,0,0,0,0,0
536,0,500,10,0,25,100,0.9,8,0,10,95,0,0,0,20,0,500.07,1.1,0,0,0,1.2,0,400,0,0
537,0,0,10,3.3,0,0,0,0,0,0,0,1000,0,0,0,0,0,0,0,0,0,0,0,0,0,0
538,0,0,7.5,0,0,0,0,0,0,0,160,0,0,0,0,0,568,0,0,0,0,0,0,0,0,0
539,0,0,5,0,0,0,0,2.55,0,0,0,0,0,0,0,0,250,0,0,0,0,0,0,0,0,0
540,0,0,5,0,0,0,0,4.25,0,0,150,0,0,0,0,0,300,0,0,0,0,0,0,0,0,0
541,0,0,0,3.5,0,0,0,0,0,0,0,690,0,0,0,0,0,0,0,0,0,0,0,0,0,0
542,0,0,0,0,0,0,0,8.5,0,0,0,0,1500000000,0,0,0,0,0,0,0,0,0,0,0,0,0
543,20,700,0,0,0,0,0,0,0,0,0,0,0,0,0,0,0,0,0,0,0,0,0,0,0,0
544,0,0,10,0,0,0,1.4,3,0,0,0,0,0,0,15,0,0,1.5,0,0,0,0,0,0,0,0
545,0,0,10,0,0,0,0,8.5,0,0,0,0,100000000,0,0,0,0,0,0,0,0,0,0,0,0,0
546,0,0,10,0,0,1000,0,2.55,0,0,0,0,0,0,0,0,0,0.9,0,0,0,0.9,0,0,0,0
547,0,0,0,11,0,0,0,0,0,0,0,600,0,0,0,0,0,0,0,0,0,0,0,0,0,0
548,0,0,0,0,0,0,0.7,4.25,0,0,0,0,0,0,7.5,0,0,0.75,0,0,0,0,0,200,0,0
549,0,0,0,0,0,0,0,8.5,0,0,0,0,1000000000,0,0,0,0,0,0,0,0,0,0,0,0,0
550,0,0,0,0,0,1000,2.4,0,0,0,0,0,0,0,15,0,0,1.5,0,0,0,0,0,0,0,0
551,0,0,0,0,0,100,1.2,0,0,0,0,0,0,0,0,0,0,0,0,0,0,0,0,0,0,0
552,0,0,0,6,0,0,0,0,0,0,0,900,0,0,0,0,0,0,0,0,0,0,0,0,0,0
555,0,0,0,0,0,0,0,2.56,0,0,0,0,5000000000,0,0,0,0,0,0,0,0,0,0,0,0,0
556,0,0,0,0,0,0,0,3.7,0,0,0,500,0,0,0,0,0,0,0,0,0,0,0,0,0,0
557,0,0,0,0,0,0,0,0,0,0,105,0,0,0,0,0,210,0,0,0,0,0,0,0,0,0
558,0,0,25,0,0,100,0,0,0,24,0,0,0,0,0,0,0,0,0,0,0,0,0,400,0,0
559,0,0,10,0,35,0,0,0,0,0,0,0,0,0,0,0,300,0,0,0,0,0.9,0,0,0,0
560,20,700,10,11,0,0,0,8.5,55,0,0,0,0,0,0,0,0,0,0,0,0,0,0,0,0,0
561,0,0,25,0,0,100,0,0,0,24,0,0,0,0,0,0,0,0,0,0,0,0,0,400,0,0
562,0,0,9,0,0,0,0,0,0,0,0,0,0,0,0,0,210,0,0,0,0,0,0,0,0,0
563,0,0,0,0,0,0,40,0,0,0,0,0,0,130,30,0,0,0,0,30,0,0,0,400,0,0
564,0,0,0,0,0,0,100,0,0,0,0,0,0,0,100,0,0,100,0,100,1000,0,0,700,0,0
565,0,0,0,65,0,0,0,0,0,0,0,1650,0,0,0,0,0,0,0,0,0,0,0,0,0,0
566,0,0,0,0,0,0,0,8.5,0,0,0,0,2000000000,0,0,3,0,0,0,0,0,0,0,0,0,0
567,0,0,25,0,0,0,0,8.5,0,0,0,0,10000000000,0,0,3,0,0,0,0,0,0,0,0,0,0
568,0,0,10,0,0,0,0,4,0,0,0,0,200000000,0,0,0,0,0,0,0,0,0,0,0,0,0
569,0,0,10,0,0,0,0,8.5,0,0,0,0,0,0,0,0,0,0,0,0,0,0,0,0,0,0
570,0,0,20,0,0,0,0,0,0,0,0,0,0,0,0,0,245,0,0,0,0,0,0,0,0,0
571,0,0,0,3.3,0,0,0,4.25,0,0,0,0,0,0,0,0,0,0,0,0,0,0,0,0,0,0
572,0,0,0,0,0,0,1.2,0,0,0,0,0,0,0,6.5,0,0,1.5,0.45,2.5,0,0,0,0,0,0
573,0,0,0,3.3,0,0,0,0,0,0,0,600,0,0,0,0,0,0,0,0,0,0,0,0,0,0
574,0,0,3,0,0,0,0,2.55,0,0,0,0,100000000,0,0,0,0,0,0,0,0,0,0,0,0,0
575,0,0,10,0,0,0,0,0,0,0,110,0,0,0,0,0,220,0,0,0,0,0,0,0,0,0
576,0,0,0,0,0,80,0,0,0,12,0,0,0,0,0,0,0,0,0,0,0,0,0,0,0,0
577,0,0,0,0,0,1000,0,8.5,0,0,0,0,0,0,0,0,0,0,0,0,0,0,0,0,0,0
578,0,0,0,0,0,0,1.4,8.5,0,0,0,0,0,130,0,0,0,0,0,0,35,0,0,0,0,0
579,20,210,0,0,0,0,0,0,0,0,0,600,0,0,0,0,0,0,0,0,0,0,0,0,0,0
580,0,0,0,0,0,0,1.4,8.5,0,0,0,0,0,0,0,0,0,1.5,0,0,0,0,0,0,0,0
581,20,0,0,0,0,0,0,0,0,0,0,600,0,0,0,0,0,0,0,0,0,0,0,0,0,0
582,0,0,50,3.3,0,0,0,0,0,0,0,0,0,0,0,0,0,0,0,0,0,0,0,0,0,0
583,0,0,0,0,0,0,0,6,0,0,0,0,5000000000,0,0,0,0,0,0,0,0,0,0,0,0,0
584,0,0,0,0,0,0,1.4,8.5,0,0,0,0,0,130,0,0,0,0,0,0,40,0,0,0,0,0
585,0,0,0,3.3,0,0,0,0,0,0,0,900,0,0,0,0,0,0,0,0,0,0,0,0,0,0
586,0,0,0,0,0,0,0,6,0,0,0,0,5000000000,0,0,0,0,0,0,0,0,0,0,0,0,0
587,0,0,0,11,0,0,0,0,0,0,0,500,0,0,0,0,0,0,0,0,0,0,0,0,0,0
588,0,0,0,0,0,0,5,5,0,0,0,0,0,0,5,0,0,5,0,3,0,0,0,0,0,0
589,0,0,0,3.3,0,0,0,0,0,0,0,955,0,0,0,0,0,0,0,0,0,0,0,0,0,0
590,0,0,10,0,0,0,0,2.55,0,0,0,0,10000000000,0,0,0,0,0,0,0,0,0,0,0,0,0
591,0,0,0,0,0,0,2.8,0,0,0,0,0,0,130,0,0,0,3,0,0,0,0,0,0,0,0
592,0,0,10,11,0,0,0,0,0,0,0,600,0,0,0,0,0,0,0,0,0,0,0,0,0,0
593,0,0,0,10.8,0,0,0,0,0,0,0,500,0,0,0,0,0,0,0,0,0,0,0,0,0,0
594,0,0,10,0,0,0,0,2.55,0,0,0,0,2000000000,0,0,0,0,0,0,0,0,0,0,0,0,0
595,0,700,10,11,70,100,14,8.5,55,12,0,0,0,0,150,0,0,15,0,50,300,3,30,1000,0.8,25
596,0,0,0,3.3,0,0,0,2.55,0,0,0,0,0,0,0,0,0,0,0,0,0,0,0,0,0,0
597,20,700,10,3.3,0,31.5,0,7.2,0,0,0,0,0,0,0,0,0,0,0,0,0,0,0,0,0,0
598,0,0,10,0,0,0,2,8.5,55,0,0,0,0,0,0,0,0,1.5,1.26,0,0,0,0,400,0,0
599,0,0,3,0,0,0,0,2.55,0,0,0,0,100000000,0,0,0,0,0.45,0,0,0,0,0,0,0,0
600,0,700,10,11,70,100,1.4,8.5,55,12,0,0,0,0,15,0,0,1.5,0,5,30,3,30,400,0.8,25
601,0,0,0,0,0,0,0,0,0,0,0,0,5000000000,130,0,0,0,0,0,0,0,0,0,0,0,0
602,0,0,0,11,0,0,0,0,0,0,0,1000,0,0,0,0,0,0,0,0,0,0,0,0,0,0
603,0,0,0,0,0,30,0,0,0,0,0,0,0,130,0,0,0,0,0,0,0,0,0,0,0,0
604,0,0,10,0,0,0,0,8.5,55,0,0,0,0,0,0,0,0,0.45,0,0,0,0,0,0,0,0
605,0,0,10,0,0,0,0,8.5,0,0,0,0,100000000,0,0,3,0,0,0,0,0,0,0,0,0,0
606,0,0,0,0,0,300,40,0,0,0,0,0,0,0,50,0,0,50,0,50,50,0,0,400,0,0
607,20,0,10,3.3,0,100,14,8.5,0,0,0,600,0,130,0,0,0,15,0,50,300,3,30,400,0,0
608,0,0,40,0,0,100,1.69,10.56,137,0,0,0,0,0,18.48,0,0,2.96,0,6.86,158,10.56,0,528,0,15
609,0,0,0,0,0,0,0,8.5,55,0,0,0,5000000000,0,0,0,0,0,0,0,0,0,0,0,0,0
610,0,0,100,11,0,0,0,0,0,0,0,600,0,0,0,0,0,0,0,0,0,0,0,0,0,0
611,0,0,0,0,0,0,0,8.5,55,12,0,0,0,0,15,0,0,0,0,5,30,0,30,400,0,0
612,0,0,3,0,0,0,0,2.55,0,0,94.5,0,0,0,0,0,210,0,0,0,0,0,0,0,0,0
613,0,0,0,0,0,0,0,15,200,0,0,0,0,0,0,0,0,1.8,0,0,0,0,400,400,0,0
614,0,0,10,0,0,0,0,8.5,0,0,0,0,0,0,0,0,210,0,0,0,0,0,0,0,0,0
615,0,0,0,0,0,0,1.4,0,0,0,0,0,0,130,0,0,0,1.5,0,5,0,0,0,0,0,0
616,0,0,25,11,0,0,0,0,0,0,0,600,0,0,0,0,0,0,0,0,0,0,0,0,0,0
617,0,0,0,0,0,0,0,8.5,0,0,0,0,100000000,0,0,0,0,0,0,0,0,0,0,0,0,0
618,0,0,0,11,0,1000,0,0,0,0,0,0,0,0,0,0,0,0,0,0,0,0,0,0,0,0
619,0,0,0,11,0,0,40,35,0,0,0,0,0,130,0,0,0,0,0,0,0,0,0,0,0,0
620,0,0,3,0,0,0,0,2.55,0,0,0,0,100000000,0,0,0,0,0.45,0,0,0,0,0,0,0,0
621,0,0,10,0,0,0,1.4,3,0,0,0,0,0,0,15,0,0,1.5,0,0,0,0,0,0,0,0
622,0,0,10,0,0,0,0,0,0,0,0,0,0,0,0,0,0,0,0,0,0,0,0,0,0,0
623,0,700,0,11,0,0,0,0,0,0,0,900,0,0,0,0,0,0,0,0,0,0,0,0,0,0
624,0,0,10,0,0,0,0,4.25,0,0,150,0,0,0,0,0,300,0,0,0,0,0.9,0,0,0,0
625,0,0,10,0,0,0,0,8,0,0,0,0,10000000000,0,0,0,0,0,0,0,0,0,0,0,0,0
626,0,0,10,0,0,0,0,4.25,0,0,0,0,100000000,0,0,3,0,0,0,0,0,0,0,0,0,0
627,20,700,25,11,70,200,14,10,50,3.6,0,1000,0,130,15,0,0,15,0,15,30,4,25,500,0.8,0
628,10,350,10,5.5,0,100,11,2.55,16.5,0,0,500,0,0,15,0,0,12,0,10,40,0.9,15,400,0,7.5
629,0,0,3,0,0,30,0.65,4.1,41,3.6,0,0,0,0,6.5,0,0,1,0,2,61,0.9,41,226,0,19.8
630,0,0,10,0,35,0,0,0,0,0,0,0,0,0,0,0,300,0,0,0,0,0.9,0,0,0,0
631,0,0,10,0,0,0,0,8.5,55,0,0,0,2000000000,0,0,0,0,0,0,0,0,0,0,0,0,0
632,0,0,15,11,0,100,2.8,12.75,55,0,0,0,0,0,15,0,0,3,0,5,30,3,45,400,0,25
633,0,0,10,0,0,0,0,0,0,0,0,0,0,0,0,0,0,0,0,0,0,0,0,0,0,0
634,0,700,5,11,70,100,1.4,8.5,55,12,94.5,0,0,0,15,0,210,1.5,0,5,30,3,30,400,0,30
635,0,0,10,0,0,0,0,8.5,0,0,0,0,1000000000,0,0,0,0,0,0,0,0,0,0,0,0,0
636,0,0,15,11,0,100,2.8,8.5,55,12,0,0,0,0,15,0,0,3,0,5,50,3,30,400,0,25
637,0,0,0,0,0,0,0,8.5,0,0,0,0,0,130,0,0,0,0,0,0,0,0,0,0,0,0
638,0,0,0,0,0,30,0,0,0,0,0,0,0,0,0,0,0,1.5,0,0,0,0,0,400,0,0
639,0,0,25,0,0,0,0,0,0,0,0,0,0,0,0,0,210,0,0,0,0,0,0,0,0,0
640,0,700,25,11,0,0,0,8.5,0,0,0,0,0,0,0,0,0,0,0,0,0,0,0,0,0,0
641,0,0,0,0,0,0,1.4,0,0,0,0,0,0,0,0,0,0,1.5,0,0,0,0,0,0,0,0
642,20,700,10,11,0,0,1.4,8.5,0,0,0,0,0,0,0,0,0,0,0,0,0,0,0,0,0,0
643,0,0,10,11,0,0,0,0,0,0,0,600,0,0,0,0,0,0,0,0,0,0,0,0,0,0
644,0,0,3,0,0,40,0,0,0,0,0,0,0,0,0,0,0,0,0,2.3,0,0,0,0,0,0
645,0,0,10,0,0,0,0,0,0,0,150,0,0,0,0,0,300,0,0,0,0,0,0,0,0,0
646,0,0,10,11,0,0,1.4,8.5,55,0,0,0,0,130,15,0,0,1.5,0,5,30,0,0,400,0,0
647,0,0,10,6,0,0,0,4,0,0,0,0,0,0,7,0,0,1.1,0,0,0,0,0,0,0,0
648,0,350,5,6,0,40,0.6,0,0,0,0,0,0,0,7,0,0,0.7,0,2,0,0,0,0,0,0
649,0,350,5,6,0,40,0.6,0,0,0,0,0,0,0,7,0,0,0.7,0,2,0,0,0,0,0,0
650,0,700,0,11,0,0,0,0,0,0,0,1000,0,0,0,0,0,0,0,0,0,0,0,0,0,0
651,0,700,10,0,70,0,1.4,8.5,0,12,94.5,0,0,0,15,0,0,1.5,0,5,30,3,30,400,0.8,0
652,0,0,0,0,0,0,0,0,0,0,0,550,0,0,0,0,0,0,0.42,0,0,0,0,0,0,0
653,0,0,0,0,0,0,0,8.5,0,0,0,0,100000000,0,0,0,0,0,0,0,0,0,0,0,0,0
654,0,0,10,0,0,0,0,8.5,0,12,0,0,0,0,0,0,0,0,0,0,0,0,0,600,0.8,0
655,0,700,15,12,65,100,14,10,60,9,0,0,0,0,30,0,0,22.5,0,40,100,4,30,400,0.85,30
656,0,800,10,12,75,100,40,10,60,10,0,0,0,0,50,0,0,50,0,50,150,4,30,200,0.85,30
657,0,0,0,11,0,0,0,8.5,0,0,0,0,0,0,0,0,0,0,0,0,0,0,0,0,0,0
658,0,0,50,0,0,0,0,0,0,0,0,0,0,0,0,0,0,0,0,0,0,0,0,0,0,0
659,0,0,10,0,0,0,0,8.5,0,0,150,0,0,0,0,0,300,0,0,0,0,3,0,0,0,0
660,0,700,10,11,70,100,1.4,8.5,55,12,94.5,0,0,0,15,0,210,1.5,0,5,124,3,30,400,0.8,25
661,0,0,0,0,0,0,1.4,8.5,0,0,0,0,0,130,15,0,0,1.5,0,5,30,0,0,400,0,0
662,0,0,0,11,0,0,0,0,0,0,0,1000,0,0,0,0,0,0,0,0,0,0,0,0,0,0
663,0,0,7,0,0,50,1.4,0,0,0,0,0,0,0,4.5,0,0,0,0,1.5,0,0,0,0,0,0
664,0,0,25,3.3,0,0,0,0,0,0,0,600,0,0,0,0,0,0,0,0,0,0,0,0,0,0
665,0,0,0,0,0,0,0,8.5,0,0,0,0,10000000000,0,0,3,0,0,0,0,0,0,0,0,0,0
666,0,0,0,0,0,0,0,8.5,0,0,0,0,1000000000,0,0,3,0,0,0,5,0,0,0,0,0,0
667,0,0,0,0,0,0,1.4,0,55,0,0,0,0,130,15,0,0,1.5,0,5,0,0,0,0,0,0
668,0,350,10,5.5,70,100,3.5,8.5,44,6,104,0,0,0,22.5,0,230,1.5,0,10,30,3,24,520,0.4,20
669,0,0,0,0,0,0,1.4,8.5,0,0,0,0,0,0,0,0,0,0,0,0,0,3,0,0,0,0
670,0,0,0,0,0,0,1.4,8.5,0,0,0,0,0,0,0,0,0,1.5,0,0,0,0,0,400,0,0
671,0,0,10,0,0,100,7,8.5,55,0,0,0,3000000000,130,15,0,0,7.5,0,5,30,3,0,400,0,0
672,0,0,0,0,0,0,40,0,0,0,0,0,0,0,50,0,0,50,0,50,50,0,0,600,0,0
673,0,0,0,0,0,0,0,0,0,0,0,0,0,0,0,0,300,0,0,0,0,0,0,0,0,0
674,0,0,0,0,0,0,0,8,0,0,0,0,1000000000,0,0,3,0,0,0,5,0,0,0,0,0,0
675,0,0,25,0,0,0,0,12,100,0,0,0,0,0,0,0,0,0.5,0,0,0,0,0,0,0,0
676,0,0,10,0,0,0,0,4.25,16.5,0,0,0,700000000,0,0,0,0,0,0,0,0,0,0,0,0,0
677,0,0,10,0,0,0,0,8.5,0,0,0,0,1000000000,0,0,3,0,0,0,0,0,0,0,0,0,0
678,0,0,0,0,0,0,1.5,3,0,0,0,0,0,0,0,0,0,1.5,0,0,0,0,0,0,0,0
679,0,0,0,3.3,0,0,0,0,0,0,0,600,0,0,0,0,0,0,0.42,0,0,0,0,0,0,0
680,0,0,0,3.3,0,100,22,8.5,0,0,0,500,2000000000,0,0,0,0,25,0,0,0,0,0,0,0,0
681,0,0,0,0,0,0,0,4.5,0,0,0,0,100000000,0,0,3,0,0,0,1.5,0,0,0,0,0,0
682,0,0,0,0,0,100,1.4,8.5,55,0,0,0,100000000,0,0,0,0,1.5,0,0,0,0,0,0,0,0
683,0,0,10,0,0,0,0,8.5,0,0,0,0,10000000000,0,0,0,0,0,0,0,0,0,0,0,0,0
684,0,0,10,0,0,0,0,0,0,0,0,0,100000000,0,0,0,0,0,0,0,0,0,0,0,0,0
685,0,0,10,11,0,0,0,0,0,0,0,600,0,0,0,0,0,0,0,0,0,0,0,0,0,0
686,20,0,0,3.3,0,0,0,2.55,16.5,0,0,0,0,0,0,0,0,0,1,0,0,0,0,0,0,0
687,0,0,0,3.3,0,0,0,0,0,0,0,600,0,0,0,0,0,0,0,0,0,0,0,0,0,0
688,0,0,0,0,0,0,0,8.5,55,0,0,0,5000000000,0,0,0,0,0,0,0,0,0,0,0,0,0
689,0,750,10,12,0,100,1.5,10,60,10,0,0,0,0,16,0,0,1.5,0,5,30,0,0,400,0.8,0
690,0,650,10,12,0,100,1.2,8,60,14,0,0,0,0,14,0,0,1.4,0,5,30,0,0,400,0.8,0
691,0,0,10,0,0,0,0,0,0,0,125,0,0,0,0,0,250,1.3,0,0,0,0,0,0,0,0
692,0,0,0,0,0,0,0,3,0,0,0,0,0,0,0,0,250,0,0,0,0,0,0,0,0,0
693,0,0,9,0,0,0,0,0,0,0,100,0,0,0,0,0,0,0,0,0,0,0,0,0,0,0
694,0,0,10,0,0,100,0,8.5,55,0,0,0,0,0,15,0,0,0,0,5,0,0,30,400,0,0
695,0,0,10,0,0,50,1.4,0,0,3.6,0,0,0,0,15,0,0,0,0,5,0,0,0,0,0,0
696,0,0,0,0,0,1000,0,8.5,0,0,0,0,0,0,0,0,0,0,0,0,0,0,0,0,0,0
697,0,0,0,0,0,0,0,8.5,0,0,0,0,1000000000,0,0,3,0,0,0,5,0,0,0,0,0,0
698,0,0,0,0,0,0,1.4,8.5,0,0,0,0,0,130,15,0,0,1.5,0,0,0,3,0,400,0,0
699,0,0,10,0,0,0,0,8.5,0,0,110,0,0,0,0,0,210,0,0,0,0,0,0,0,0,0
700,0,0,50,3.3,0,0,0,12,0,0,0,0,0,0,0,0,0,0,0,0,0,0,0,0,0,0
701,0,522,10,11,0,100,0.433,5.454,0,0,0,0,0,0,15,0,0,1.5,0,5,31.2,0,0,245,0,0
702,0,0,10,0,0,100,1.4,8.5,0,0,288,0,0,0,15,0,0,1.5,0,5,30,0,0,0,0,0
703,0,0,10,0,0,0,0,8.5,55,0,0,0,200000000,0,0,0,0,0,0,0,30,0,0,0,0,0
704,0,0,30,3.3,0,0,0,0,0,0,0,600,0,0,0,0,0,0,0,0,0,0,0,0,0,0
705,0,0,0,0,0,0,1.4,0,0,0,0,0,0,130,0,0,0,1.5,0,0,0,0,0,0,0,0
706,0,0,0,0,0,0,0,8.5,0,0,0,0,100000000,0,0,3,0,0,0,0,0,0,0,0,0,0
707,0,0,0,0,0,0,0,8.5,0,0,0,0,1000000000,0,0,3,0,0,0,5,0,0,0,0,0,0
708,0,0,0,0,0,100,40,8.5,55,0,0,0,0,0,50,0,0,50,0,50,50,0,0,600,0,0
709,0,0,0,0,0,0,0,2.55,0,0,0,0,100000000,0,0,0,0,0,0,0,0,0,0,0,0,0
710,0,210,5,3.3,0,0,0,0,0,0,0,600,0,0,0,0,0,0,0,0,0,0,0,0,0,0
711,0,0,10,0,0,0,0,8.5,55,0,0,0,100000000,0,0,0,0,0,0,0,30,0,0,0,0,0
712,0,0,10,0,0,100,0,0,0,0,0,0,0,0,0,0,210,0,0,0,0,0,0,0,0,0
713,0,0,0,0,0,30,0.42,2.55,0,0,0,0,0,0,4.5,0,0,0.45,0,1.5,0,0,0,0,0,0
714,0,0,0,0,0,0,0,8.5,0,0,0,600,2000000000,0,0,0,0,0,0,0,0,0,0,0,0,0
715,0,0,0,13,0,30,0,0,16.5,0,0,0,0,0,0,0,0,0,0,0,0,0,0,0,0,0
716,0,0,0,0,0,0,5,5,0,0,0,0,0,0,0,0,0,0,0,0,0,0,0,0,0,0
717,0,0,100,3.3,0,0,0,0,0,0,0,600,0,0,0,0,0,0,0,0,0,0,0,0,0,0
718,0,0,25,0,0,100,15,0,0,3.6,0,0,0,0,15,0,0,0,0,15,0,0,30,0,0,0
719,0,0,0,3.3,0,0,0,0,0,0,0,0,0,0,0,0,0,1.5,0,0,0,0,0,400,0,0
720,0,0,0,3.3,0,0,0,0,0,0,0,0,0,0,0,0,0,1.5,0,0,0,0,0,400,0,0
721,0,0,10,0,0,0,0,6,0,0,170,0,0,0,0,0,500,3,0,0,0,0,0,0,0,0
722,0,0,0,0,0,0,0,3.2,0,0,0,0,10000000000,0,0,3.5,0,0,0,0,0,0,0,0,0,0
723,0,0,11,0,0,100,2,10,0,0,0,0,0,0,16,0,0,2,0,6,149,3,32,556,0,26
724,0,0,0,0,0,0,8.4,24,0,0,0,0,0,0,0,0,0,9,0,3,0,0,0,0,0,0
725,0,0,0,0,0,0,0,5.1,0,0,0,0,1000000000,0,0,0,0,0,0,0,0,0,0,0,0,0
726,0,0,10,0,0,0,0,6,0,0,170,0,0,0,0,0,500,3,0,0,0,0,0,0,0,0
727,0,0,0,0,0,0,40,0,0,0,0,0,0,0,50,0,0,50,0,50,100,0,0,400,0,0
728,0,700,10,11,70,120,1.4,4,55,12,0,0,0,0,15,0,0,1.5,0,5,0,3,30,400,0.8,25
729,0,0,0,0,0,0,0,9.8,70,0,0,0,0,0,0,0,0,1.5,0,180,1000,0,40,400,0,0
730,0,0,10,0,0,0,0,8.5,0,0,0,0,0,0,0,0,0,0,0,0,0,0,0,0,0,0
731,0,0,10,0,0,0,0,0,0,0,0,0,3000000000,0,0,0,0,0,0,0,0,0,0,0,0,0
732,0,0,0,0,0,0,0,9.8,0,0,0,0,0,0,0,0,0,1.5,0,180,1000,0,40,400,0,0
733,0,0,0,0,0,0,40,0,0,0,0,0,0,0,20,0,0,30,0,200,900,0,0,400,0,0
734,0,0,3,0,0,0,0,0,0,0,0,0,5000000000,0,0,0,0,0,0,0,0,0,0,0,0,0
735,0,0,3,0,0,0,0,0,0,0,0,0,3000000000,0,0,0,0,0,0,0,0,0,0,0,0,0
736,0,0,0,0,0,0,0,5.1,0,0,0,0,1000000000,0,0,0,0,0,0,0,0,0,0,0,0,0
737,20,700,10,11,0,0,0,0,0,0,0,0,0,0,0,0,0,0,0,0,0,0,0,0,0,0
738,0,0,10,0,0,50,0,8.5,55,0,0,0,0,0,0,0,210,0,0,0,0,0,30,0,0,0
739,0,0,0,0,0,0,0,0,0,0,315,0,0,0,0,0,0,100,0,0,0,0,0,0,0,0
740,0,0,10,0,0,1000,0,8.5,0,0,0,0,0,0,0,0,0,0,0,0,0,0,0,0,0,0
741,0,0,0,0,0,250,1.3,8.5,86,0,0,0,0,0,13.6,0,0,2,0,4.7,127,0,86,468,0,0
742,0,0,10,0,0,0,0,0,16.5,0,0,0,0,0,0,0,0,0,0,0,0,0,0,0,0,0
743,0,0,0,0,0,0,0,8.5,0,0,0,0,100000000,0,0,4,0,0,0,0,0,0,0,0,0,0
744,0,0,0,11,0,500,0,0,0,0,0,0,0,0,0,0,0,0,0,0,0,0,0,0,0,0
745,0,0,10,0,0,100,1.24,7.78,78,3.6,0,0,0,0,12.3,0,0,1.87,0,4.23,114,0.9,78,600,0,0
746,0,0,3,0,0,30,1.61,10.05,101,0,0,0,0,0,15.92,0,0,2.4,0,5.4,147,0.9,101,541,0,7.5
747,0,0,10,0,0,50,0.81,5,46,0,0,0,0,0,8,0,210,1.22,0,2.77,75,3,46,270,0,0
748,0,0,10,0,0,0,1.4,8.5,0,0,0,0,0,0,0,0,0,0,0,5,0,0,0,0,0,0
749,0,0,0,0,0,35,0,0,0,0,0,0,0,0,0,0,0,0,1.8,0,0,0,0,0,0,0
750,0,0,10,0,0,0,0,3,0,0,105,0,0,0,0,0,300,0,0,0,0,0,0,0,0,0
751,0,217,3,0,0,100,1.4,8.5,16.5,0,0,0,0,0,4.5,0,0,1.5,0,4,0,0,0,120,0,0
752,20,700,0,11,0,0,0,0,55,0,0,0,0,0,0,0,0,0,0,0,0,3,0,0,0,0
753,0,0,0,0,0,30,0.5,3,31,0,0,0,0,0,5,0,0,0.74,0,1.7,46,0,31,170,0,0
754,20,0,10,0,0,0,0,8.5,0,0,0,0,0,130,0,0,0,0,0,0,50,0,0,0,0,0
755,0,0,10,0,0,0,0.5,3,31,0,0,0,0,0,5,0,0,0.74,0,1.7,46,0,31,170,0,0
756,0,0,10,0,0,55,1.5,9,97,3.6,94.5,0,0,0,15,0,230,2.3,0,5,143,5,97,524,0,12.5
757,20,700,0,11,0,0,0,8.5,27.5,0,0,600,0,0,0,0,0,0,0,0,0,0,0,0,0,0
758,0,0,0,11,0,0,1.4,0,0,0,0,0,0,0,0,0,0,0,0,0,0,0,0,0,0,0
759,0,0,50,0,0,0,0,8.5,0,0,0,0,0,0,0,0,0,0,0,0,0,0,0,0,0,0
760,0,0,3,0,0,30,0.77,8.5,48,0,0,0,0,0,7.58,0,0,1.15,0,2.6,70,0.9,48,258,0,7.5
761,0,0,50,0,0,0,0,8.5,0,0,150,0,0,0,0,0,300,0,0,0,0,0,0,0,0,0
762,20,800,10,3.3,0,30,1.4,8.5,55,0,0,0,0,0,0,0,0,0,0,0,0,0.9,0,0,0,0
763,0,0,0,0,0,0,0,0,0,0,0,0,0,130,15,0,0,1.5,0,0,0,0,0,0,0,0
764,0,0,50,3.3,0,0,0,0,0,0,0,500,0,0,0,0,0,0,0,0,0,0,0,0,0,0
765,0,0,0,0,0,0,0,8.5,0,0,0,0,0,0,0,0,0,1.5,0,0,0,0,0,0,0,0
766,0,0,0,0,0,0,7,8.5,55,0,0,0,0,130,75,0,0,7.5,0,25,0,0,0,0,0,0
767,0,0,3,0,0,30,0,2.55,0,0,0,0,0,0,0,0,0,0,0,0,0,0,0,0,0,0
768,0,0,0,3.3,0,0,0,0,0,0,0,1000,0,0,0,0,0,0,0,0,0,0,0,0,0,0
769,0,0,0,0,0,0,0,0,0,0,0,0,100000000,130,0,0,0,0,0,0,0,0,0,0,0,0
770,20,210,0,3.3,0,0,0.42,0,0,0,0,600,0,0,0,0,0,0.45,0,1.5,0,0,0,0,0,0
771,0,0,0,0,0,0,7,0,0,0,0,0,0,130,75,0,0,7.5,0,25,0,0,0,0,0,0
772,0,0,0,0,0,0,0.42,2.55,0,0,0,0,0,130,4.5,0,0,0.45,0,0,0,0,0,120,0,0
773,0,0,0,0,0,0,0,2.55,0,0,0,0,0,130,0,0,0,0.45,0,0,0,0,0,0,0,0
774,20,210,0,3.3,0,0,0.42,0,0,0,0,600,0,0,0,0,0,0.45,0,1.5,0,0,0,0,0,0
775,0,0,0,11,0,0,0,0,0,0,0,1100,0,0,0,0,0,0,0,0,0,0,0,0,0,0
776,0,0,0,0,0,0,0,8.5,0,0,0,0,100000000,0,0,0,0,0,0,0,0,0,0,0,0,0
777,0,0,0,0,0,0,2.8,8.5,0,0,0,0,0,0,0,0,0,3,0,10,0,0,0,800,0,0
778,20,210,3,0,0,30,0.42,2.55,0,0,0,0,0,0,4.5,0,0,0.45,0,1.5,0,0,0,0,0,0
779,0,0,3,0,0,0,0,0,0,0,0,0,0,0,0,0,0,19,0,0,0,0,0,0,0,0
780,0,0,3,0,0,0,0,2.55,0,0,0,0,0,0,0,0,0,0,0,0,0,0,0,400,0,0
781,0,0,0,0,0,0,40,0,0,0,0,0,0,0,50,0,0,50,0,50,50,0,0,600,0,0
782,0,0,20,10,0,110,1.6,12,60,0,0,0,0,0,18,0,0,2.2,0,6,0,0,0,620,0,0
783,0,0,10,0,0,0,0,0,0,0,0,0,0,0,0,0,0,0,0,0,0,0,0,0,0,0
784,0,0,10,0,35,0,0,0,0,0,0,0,0,0,0,0,300,0,0,0,0,0.9,0,0,0,0
785,20,700,10,11,0,0,0,0,55,0,0,600,0,0,0,0,0,0,0,0,0,0,0,0,0,0
786,0,0,0,11,0,0,0,0,0,0,0,600,0,0,0,0,0,0,0,0,0,0,0,0,0,0
787,0,700,0,0,0,100,1.4,0,0,0,0,0,0,0,15,0,0,1.5,0,5,7000,0,0,0,0,0
788,0,0,0,3.3,0,0,0,0,0,0,0,900,0,0,0,0,0,0,0,0,0,0,0,0,0,0
789,0,0,20,10,0,110,2.7,12,60,24,0,0,0,0,19,0,0,2.6,0,10,30,0,0,400,0,0
790,0,0,0,0,0,0,0,8.5,0,0,0,0,100000000,0,0,3,0,0,0,5,0,0,0,0,0,0
791,0,0,10,0,0,0,0,0,0,0,0,0,3000000000,0,0,0,0,0,0,0,0,0,0,0,0,0
792,0,0,40,0,0,200,5.6,17,110,0,0,0,0,0,30,0,0,6,0.42,20,0,6,0,800,0,0
793,0,0,0,0,0,0,1.4,4.25,27.5,0,0,0,0,130,7.5,0,0,1.5,0,2.5,0,0,0,200,0,0
794,0,0,25,0,0,0,0,0,0,0,350,0,0,0,0,0,700,0,0,0,0,0,0,0,0,0
795,0,350,0,5.5,0,50,0,4.25,0,0,0,0,0,0,0,0,0,0,0,0,5000,0,0,0,0,0
796,0,0,3,0,0,0,0,8.5,0,0,0,0,0,0,0,0,0,0,0,0,0,0,0,0,0,0
797,20,0,26,0,0,0,0,0,0,0,0,1000,0,0,0,0,0,0,0,0,0,0,0,0,0,0
798,0,0,0,0,0,0,40,5.1,0,0,0,0,0,0,10.5,0,0,45,0,50,900,0,0,400,0,0
799,0,0,20,0,0,0,0,8.5,55,0,0,0,100000000,0,0,3.5,0,0,0,0,0,0,0,0,0,0
800,0,0,0,0,0,0,1.4,8.5,55,0,0,0,0,0,0,0,0,5,0,0,0,0,0,0,0,0
801,0,0,0,0,0,0,0,12,0,0,94.5,0,0,0,30,0,210,0,0,25,60,0.9,35,400,0.24,0
802,0,0,10,0,70,0,0,8.5,0,0,225,0,0,0,0,0,450,0,0,0,0,2.25,0,0,0.8,0
803,0,0,0,0,0,0,1.4,0,0,0,0,0,0,130,15,0,0,1.5,0,5,0,0,0,0,0,0
804,0,0,10,0,0,0,0,0,0,0,94.5,0,0,0,0,0,220,0,0,0,0,0,0,0,0,0
805,20,700,0,0,0,0,0,0,0,0,0,0,0,0,0,0,0,0,0,0,0,0,0,0,0,0
806,0,0,0,0,0,0,0,2.55,0,0,0,0,200000000,0,0,0,0,0,0,1.5,0,0,0,0,0,0
807,0,0,0,0,0,0,1.4,0,0,0,0,0,0,130,0,0,0,1.5,0,5,0,0,0,0,0,0
808,20,700,0,13.2,0,0,0,0,0,0,0,600,0,0,0,0,0,0,0,0,0,0,0,0,0,0
809,0,0,0,0,0,0,1.4,4.25,27.5,0,0,0,0,0,10,0,0,7,0,3,30,0,15,400,0,0
810,0,700,0,11,0,0,0,8.5,55,0,0,0,0,0,0,0,0,0,0,0,0,0,0,0,0,0
811,0,0,10,0,0,0,0,6,0,0,0,0,0,0,0,0,0,0,0,0,0,0,0,0,0,0
812,0,700,0,0,0,100,1.4,2.55,55,0,0,0,0,0,15,0,0,1.5,0,5,5000,0,0,0,0,0
813,0,0,10,0,0,0,0,4.25,0,0,105,0,0,0,0,0,210,0,0,0,0,0,0,0,0,0
814,0,0,0,0,0,0,1.4,0,0,0,150,0,0,0,0,0,0,1.5,0,0,0,0,0,0,0,0
815,0,0,0,0,0,0,0,8.5,0,0,0,0,1000000000,0,0,0,0,0,0,0,0,0,0,0,0,0
816,0,0,10,11,0,0,0,0,0,0,0,1000,0,0,0,0,0,0,0,0,0,0,0,0,0,0
817,0,0,0,0,0,100,1.4,0,0,0,0,0,0,0,15,0,0,1.5,0,5,5000,0,0,400,0,0
818,0,0,50,0,21,0,0,0,0,0,150,0,0,0,0,0,300,0,0,0,0,0.9,0,0,0,0
819,0,700,20,11,0,100,100,0,0,0,0,900,0,0,100,0,0,100,0,100,100,0,0,400,0,0
820,0,0,0,0,0,450,1.4,0,0,0,0,0,0,0,15,0,0,7.5,0,15,90,0,0,400,0,0
821,0,0,0,0,0,0,0,2.55,27.5,0,0,0,100000000,0,0,0,0,0,0,0,0,0,0,0,0,0
822,0,0,10,3.3,0,0,0,0,0,0,0,600,0,0,0,0,0,0,0,0,0,0,0,0,0,0
823,0,0,20,0,0,0,0,8.5,0,0,107.5,0,0,0,0,0,215,0,0,0,0,0,0,0,0,0
824,0,0,10,0,0,0,0,0,0,0,200,0,0,0,0,0,400,0,0,0,0,1,0,0,0,0
825,0,0,100,0,0,0,0,0,0,0,0,0,100000000,0,0,0,0,0,0,0,0,0,0,0,0,0
826,0,0,0,0,0,0,7,0,0,0,0,0,0,0,75,0,0,7.5,0,25,5000,0,0,2000,0,0
827,0,0,10,0,0,0,0,0,0,0,0,0,0,0,0,0,210,0,0,0,0,0,0,0,0,0
828,0,2700,75,100.5,70,1000,63,7.8,90,16.5,150,0,0,0,63,0,300,63,0,63,78,9,78,525,1.5,25
829,0,0,0,0,0,300,50,0,0,0,0,0,0,0,50,0,0,50,0,50,100,0,0,400,0,0
830,0,700,20,5.5,0,0,1.4,8.5,27.5,0,0,0,0,0,0,0,0,0,0,0,0,0,0,0,0,0
831,0,0,25,0,0,0,20,15,100,0,0,0,0,0,4.5,0,0,25,0,0,0,0,200,400,0,0
832,0,0,0,0,0,0,0,0,0,0,243,0,0,0,0,0,0,30,0,0,0,0,0,0,0,0
833,0,0,0,0,0,0,0,5,0,0,0,0,100000000,0,0,0,0,0,0,0,0,0,0,0,0,0
834,0,0,0,11,0,0,0,0,0,0,0,735,0,0,0,0,0,0,0,0,0,0,0,0,0,0
835,0,0,0,11,0,0,0,0,0,0,0,600,0,0,0,0,0,0,0,0,0,0,0,0,0,0
836,0,0,0,0,0,0,0.7,4.25,27.5,0,0,0,0,0,7.5,0,0,0.75,0,2.5,15,0,15,200,0,0
837,20,0,0,0,0,0,0,0,0,0,0,600,0,0,0,0,0,0,0,0,0,0,0,0,0,0
838,20,700,0,3.3,0,0,0,8.5,0,0,0,0,0,0,0,0,0,0,0,0,0,0,0,0,0,0
839,0,0,0,11,0,0,1.4,8.5,0,0,0,0,0,0,15,0,0,5,0,5,0,0,0,0,0,0
840,0,0,0,11,0,0,0,0,0,0,0,500,0,0,0,0,0,0,0,0,0,0,0,0,0,0
841,0,700,10,11,71,100,2.1,8.5,55,12,94.5,0,0,0,20,0,0,3,1.3,10,42,3,28,400,0.8,25
842,20,700,0,11,0,0,1.4,8.5,27.5,0,0,0,0,0,0,0,0,11,0,0,0,0,0,0,0,0
843,0,0,0,0,0,0,0,8.5,0,0,0,0,200000000,0,0,3,0,0,0,0,0,0,0,0,0,0
844,0,0,0,0,0,0,0,10,50,0,0,0,0,0,0,0,0,1.4,0,0,0,0,400,0,0,0
845,0,0,5,0,0,50,0,2.55,0,15,0,0,0,0,0,0,0,1.5,0,0,0,0,0,300,0,0
846,20,0,0,11,0,0,0,0,0,0,0,600,0,0,0,0,0,0,0.42,0,0,0,0,0,0,0
847,0,0,10,0,0,0,0,8.5,0,0,150,0,0,0,0,0,300,0,0,0,0,0,0,0,0,0
848,0,0,0,0,0,50,50,17,0,0,0,0,0,0,50,0,0,50,0,50,50,0,0,1000,0,0
849,0,0,10,0,0,0,0,5.1,0,0,0,0,2000000000,0,0,0,0,0,0,0,0,0,0,0,0,0
850,0,0,0,3.3,0,0,0,0,0,0,0,600,0,0,0,0,0,0,0.5,0,0,0,0,0,0,0
851,0,0,0,0,0,0,0,3,0,0,0,0,1000000000,0,0,0,0,0,0,0,0,0,0,0,0,0
852,0,0,0,0,0,0,0,8.5,0,12,94.5,0,0,0,15,0,0,0,0,5,30,3,30,400,0.8,0
853,0,0,10,0,0,0,0,8.5,0,0,0,0,1000000000,0,0,0,0,0,0,0,0,0,0,0,0,0
854,0,0,10,0,35,0,0,0,0,0,0,0,0,0,0,0,300,0,0,0,0,0.9,0,0,0,0
855,0,0,0,0,0,0,0,0,0,0,0,0,0,0,0,0,210,0,0,0,0,0,0,0,0,0
856,0,0,0,0,0,0,0,8.5,0,0,0,0,100000000,0,0,3,0,0,0,0,0,0,0,0,0,0
857,0,300,5,3.6,0,35,0,3.6,0,0,0,0,0,0,5.25,0,0,1.5,0,5,0,0,0,400,0,0
858,0,0,0,0,0,2000,0,0,0,3.6,0,0,0,0,0,0,0,0,0,0,0,0,0,0,0,0
859,0,0,0,0,0,0,0,2.55,0,0,0,0,3000000000,0,0,0,0,0,0,0,0,0,0,120,0,0
860,0,0,0,0,0,0,1.4,0,0,0,0,0,0,130,15,0,0,1.5,0,5,0,0,0,0,0,0
861,0,0,0,0,0,0,1.4,0,0,0,0,0,0,0,0,0,0,1.5,0,0,30,0,0,400,0,0
862,0,0,10,11,70,100,1.4,8.5,55,12,0,0,0,0,15,0,0,1.5,0,5,30,3,30,400,0.8,25
863,0,0,0,11,0,0,0,0,0,0,0,1000,0,0,0,0,0,0,0,0,0,0,0,0,0,0
864,0,0,5,0,0,0,0,3,0,0,0,0,10000000000,0,0,0,0,0,0,3,0,0,0,0,0,0
865,0,0,0,0,0,0,4.2,0,0,0,0,0,0,130,0,0,0,0,0,0,0,0,0,0,0,0
866,0,0,0,0,0,0,0.42,2.55,0,0,0,0,0,130,4.5,0,0,0.45,0,0,0,0,0,120,0,0
867,0,0,0,0,0,2000,0,8.5,0,0,0,0,0,0,0,0,0,0,0,0,0,0,0,0,0,0
868,0,270,6,6,0,60,0.6,4,25,5,0,0,0,0,7,0,0,1.5,0,5,16,0.9,0,170,0,0
869,0,0,20,0,0,0,0.42,2.55,16.5,0,0,0,0,0,4.5,0,0,0.46,0,1.5,60,0.9,9,0,0,7.5
870,0,700,0,3.35,0,50,0,2.55,0,0,0,0,0,0,0,0,0,0,0,0,0,0,0,0,0,0
871,0,0,0,0,0,0,1.4,0,0,0,0,0,0,130,15,0,0,1.5,0,5,0,0,0,0,0,0
872,0,0,0,11,0,180,0,15,60,0,0,0,0,0,0,0,0,1.3,0,0,0,0,0,400,0,0
873,0,0,10,0,0,0,1.4,8.5,0,0,0,0,100000000,0,0,0,0,1.5,0,0,0,0,0,0,0,0
874,0,300,10,10,0,100,1.5,5,0,0,0,0,0,0,16,0,0,1.5,0,5,0,1.5,20,200,0.4,20
875,0,0,10,3.3,0,0,0.7,8.5,0,0,0,0,0,0,7.5,0,0,0.75,0,0,0,0,0,0,0,0
876,20,700,0,0,0,0,0,0,0,0,0,0,0,0,0,0,0,0,0,0,0,0,0,0,0,0
877,0,0,0,11,0,0,0,0,0,0,0,1000,0,0,0,0,0,0,0,0,0,0,0,0,0,0
878,20,0,0,3.3,0,0,0,2.55,16.5,0,0,0,0,0,0,0,0,0,1,0,0,0.9,0,0,0.24,0
879,0,0,10,11,0,0,1.4,8.5,16.5,0,0,0,0,0,15,0,0,1.5,0,0,0,0,0,0,0,0
880,0,0,10,0,0,0,0,2.55,0,0,0,0,200000000,0,0,0,0,0,0,0,0,0,0,0,0,0
881,20,700,10,11,70,100,14,8.5,55,12,0,0,0,130,15,0,0,15,0,25,60,3,30,600,0.8,25
882,0,0,0,3.3,0,0,0,0,0,0,0,600,0,0,0,0,0,0,0,0,0,0,0,0,0,0
883,0,0,0,0,0,1000,0,2.55,55,0,0,0,0,0,0,0,0,0,0,0,0,0,0,0,0,0
884,0,0,0,0,0,1000,0,2.55,55,0,0,0,0,0,0,0,0,0,0,0,0,0,0,0,0,0
885,0,700,10,11,70,100,2.8,8.5,55,12,0,0,0,0,30,0,0,3,0,10,60,3,30,800,0.8,25
886,0,0,15,0,0,100,0,8.76,0,0,0,0,0,0,15.33,0,210,0,0,6.13,131,8.76,87.6,525,0,25
887,0,0,0,3.3,0,0,0,0,0,0,0,500,0,0,0,0,0,0,0,0,0,0,0,0,0,0
888,0,0,10,0,0,0,0,2.55,0,0,0,0,0,0,0,0,210,0,0,0,0,0,0,0,0,0
889,0,0,0,3.3,0,0,0,0,0,0,0,600,0,0,0,0,0,0,0,0,0,0,0,0,0,0
890,10,700,0,0,0,0,0,0,0,0,0,500,0,0,0,0,0,0,0,0,0,0,0,0,0,0
891,0,710,0,10,0,0,0,0,0,0,0,600,0,0,0,0,0,0,0,0,0,0,0,0,0,0
892,0,0,0,3.3,0,0,0,0,0,0,0,600,0,0,0,0,0,0,0,0,0,0,0,0,0,0
893,0,710,5,10,0,0,0,0,0,0,0,600,0,0,0,0,0,0,0,0,0,0,0,0,0,0
894,20,0,0,11,0,0,0,8.5,0,0,0,0,0,0,0,0,0,0,7,0,0,0,0,0,0,0
895,20,210,3,3.3,0,30,0.42,2.55,0,0,0,0,0,0,0,0,0,0.45,0,0,0,0,0,0,0,0
896,0,0,0,0,0,0,2,15,0,0,0,0,0,0,0,0,0,0,0,0,0,3,0,0,0,0
897,0,0,10,0,0,0,0,2.55,0,0,0,0,0,0,0,3,0,0,0,0,0,0,0,0,0,0
898,20,0,0,3.3,0,0,0,2.55,16.5,0,0,600,0,0,0,0,0,0,0.7,0,0,0,0,0,0,0
899,0,0,20,0,0,0,0,2.55,0,0,100.8,0,0,0,0,4,304,3,0,0,0,0,0,0,0,0
900,0,0,0,0,0,0,0,2.55,0,0,0,0,100000000,0,0,0,0,0,0,0,0,0,0,0,0,0
901,0,0,10,0,0,0,0,8.5,0,0,0,0,0,0,0,0,0,0,0,0,0,0,0,0,0,0
902,0,0,12.5,0,0,0,0,0,0,0,0,0,0,0,0,0,350,0,0,0,0,0,0,0,0,0
903,20,0,0,0,0,0,0,0,0,0,0,600,0,0,0,0,0,0,0,0,0,0,0,0,0,0
904,0,700,20,11,70,100,7,12,55,18,0,0,0,0,15,0,0,7.5,0,25,90,3.6,60,400,0.8,37
905,0,0,10,0,0,0,0,0,0,0,0,0,0,0,0,0,0,0,0,0,0,0,0,0,0,0
906,0,0,10,0,0,0,0,8.5,0,0,150,0,0,0,0,0,300,0,0,0,0,0,0,0,0,0
907,0,0,0,0,0,0,1.4,4.3,27.5,0,0,0,0,130,7.5,0,0,1.5,0,2.5,0,0,0,200,0,0
908,0,0,0,0,0,0,0,6,0,0,0,0,200000000,0,0,3,0,0,0,1.68,0,0,0,0,0,0
909,20,0,0,3.6,0,0,1.4,0,0,0,0,0,0,130,0,0,0,1.5,0.42,0,0,0,0,0,0,0
910,20,0,0,3.3,0,0,0,0,0,0,0,600,0,0,0,0,0,0,0,0,0,0,0,0,0,0
911,0,0,0,1.75,0,0,0,0,0,0,0,350,0,0,0,0,0,0,0,0,0,0,0,0,0,0
912,0,700,10,11,0,0,1.68,0,0,0,0,0,0,0,15,0,0,1.8,0,5,30,0,0,400,0,0
913,20,0,0,0,0,0,0,0,0,0,0,0,0,130,0,0,0,0,0,0,0,0,0,0,0,0
914,0,0,0,0,0,0,0,3,0,0,0,0,100000000,0,0,0,0,0,0,0,0,0,0,0,0,0
915,0,0,0,0,0,0,0,8.5,0,0,0,0,100000000,0,0,4,0,0,0,5,0,0,0,0,0,0
916,0,0,3.25,0,0,33.4,0,2.92,0,0,0,0,0,0,4.6,0,0,0,0,1.6,43.8,0,29.2,146,0,0
917,0,0,10,4.88,0,0,0,0,0,0,0,600,0,0,0,0,0,0,0,0,0,0,0,0,0,0
918,0,0,0,0,0,0,0,8,0,0,0,0,500000000,0,0,3,0,0,0,0,0,0,0,0,0,0
919,0,0,10,11,0,0,0,4.25,0,0,0,0,0,0,0,0,0,0,0,0,0,0,0,0,0,0
920,0,0,0,0,0,0,70,0,0,0,0,0,0,0,70,0,0,70,0,70,100,0,0,800,0,0
921,0,0,0,0,0,0,0,2.55,0,0,0,0,1000000000,0,0,0,0,0,0,0,0,0,0,0,0,0
922,0,0,0,0,0,0,0,2.55,0,0,0,0,0,0,0,0,0,0,0,0,0,0,0,0,0,0
923,0,0,0,0,0,0,0,12,0,0,0,0,3000000000,0,0,0,0,0,0,0,0,0,0,0,0,0
924,0,0,0,0,0,0,1.4,8.5,0,0,0,0,0,130,15,0,0,1.5,0,0,0,3,0,400,0,0
925,0,0,0,0,0,0,1.4,0,0,0,0,0,0,0,15,0,0,1.5,0,5,0,0,0,0,0,0
926,0,0,0,0,0,0,0,0,0,0,250,0,0,0,0,0,0,50,0,0,0,0,0,0,0,0
927,0,0,0,0,0,0,1.4,8.5,0,0,0,0,0,130,15,0,0,1.5,0,5,0,0,0,400,0,0
928,0,0,10,0,0,0,0,6,0,0,150,0,0,0,0,0,300,0,0,0,0,0,0,0,0,0
929,0,0,0,0,0,0,1.4,8.5,0,0,0,0,0,130,0,0,0,1.5,0,0,0,0,0,400,0,0
930,0,0,30,0,0,30,0,2.55,16.5,0,0,0,0,0,0,0,0,0,0,0,0,0,0,0,0,0
931,0,0,10,0,0,0,0,0,0,0,0,0,500000000,0,0,3,0,0,0,0,0,0,0,0,0,0
932,20,624,0,11,0,0,0,2.55,0,0,0,500,0,0,0,0,0,0,0,0,0,0,0,0,0,0
933,0,0,0,0,0,0,0,3,0,0,0,0,300000000,0,4.5,0,0,0,0,0,0,0,0,0,0,0
934,0,0,5,0,0,0,0,0,0,0,100,0,0,0,0,0,700,0,0,0,0,0,0,0,0,0
935,0,0,10,0,0,110,2.074,12.96,129,0,0,0,0,0,20.736,0,400,2.851,0,7.128,194,0,129,648,0,25
936,0,0,0,0,0,50,0,0,0,0,0,0,2000000000,0,0,0,0,0,0,0,0,0,0,0,0,0
937,0,0,0,0,0,0,1.5,5,0,0,0,0,0,0,15,0,0,1.5,0,5,0,0,0,200,0,0
938,20,700,0,11,0,0,1.4,8.5,55,0,0,0,0,0,15,0,0,1.5,0,0,0,3,0,400,0,0
939,0,0,0,0,0,0,40,12,52,0,157.5,0,0,130,50,0,0,50,0,50,0,0,0,500,0,0
940,20,0,0,0,0,0,0,0,0,0,0,0,0,0,0,0,0,0,0.42,0,0,0,0,0,0,0
941,20,0,0,3.6,0,0,1.4,0,0,0,0,0,0,130,0,0,0,1.5,0.42,0,0,0,0,0,0,0
942,0,0,0,0,0,0,1.4,2.55,0,0,0,0,0,0,0,0,0,0,0,0,0,0,0,400,0,0
943,0,0,10,0,70,0,0,0,0,0,105,0,0,0,0,0,210,0,0,0,0,0,0,0,0,0
944,20,750,0,11.1,0,0,1.29,12.8,18,0,0,0,0,0,13.52,0,0,1.58,0,0,0,2.21,0,400,0,0
945,0,0,0,0,0,0,4,0,0,0,0,0,0,0,18,0,0,5,0,10,100,0,0,800,0,0
946,0,700,10,11,70,100,1.4,8.5,55,12,0,0,0,0,15,0,0,1.5,0,5,30,3,0,400,0.8,0
947,0,0,0,0,0,0,4.2,4.8,0,0,0,0,0,0,0,0,0,0,0,0,0,2,0,0,0,0
948,0,0,0,0,0,0,0,2.55,0,0,0,0,10000000000,0,0,0,0,0,0,0,0,0,0,0,0,0
949,0,700,10,11,0,0,0,0,0,0,0,0,0,0,0,0,0,0,0,0,0,0,0,0,0,0
950,0,0,25,44.7,0,200,0,0,0,0,0,0,0,0,0,0,0,0,0,0,0,0,0,0,0,0
951,0,0,0,0,0,200,1.4,8.5,55,0,0,0,0,0,15,0,0,1.5,0,0,30,3,0,400,0,0
952,0,0,10,0,0,0,0,0,0,0,100,0,0,0,0,0,500,0,0,0,0,0,0,0,0,0
953,0,0,0,0,0,0,0,8.5,0,0,100,0,0,0,0,0,300,0,0,10,0,0,0,0,0,0
955,0,0,0,11,0,0,0,0,0,0,0,600,0,0,0,0,0,0,0,0,0,0,0,0,0,0
956,0,0,10,0,0,0,0,0,0,18,0,0,0,0,0,0,0,0,0,0,0,0,0,600,0,0
957,0,0,15,0,0,0,3.92,0,0,0,0,0,0,0,0,0,0,3.24,0,0,0,0,0,0,0,0
958,0,0,0,0,0,0,0,8.5,0,0,0,0,1000000000,0,0,3,0,0,0,5,0,0,0,0,0,0
959,0,0,65,0,0,0,0,0,0,0,0,0,0,0,0,0,0,0,0,0,0,0,0,0,0,0
960,0,0,0,0,0,0,1.4,8.5,0,0,0,0,0,0,0,0,0,1.5,0,0,0,0,0,0,0,0
961,0,0,3,0,0,0,0,2.55,0,0,0,0,5000000000,0,0,0,0,0,0,0,0,0,0,0,0,0
962,10,700,0,0,0,0,0,0,0,0,0,0,0,0,0,0,0,0,0,0,0,0,0,0,0,0
963,0,0,0,0,0,0,1,4,0,0,0,0,0,0,0,0,0,0,0,0,0,0,0,0,0,0
964,20,700,10,3.3,0,40,0,8.5,16.5,0,0,0,0,0,0,0,0,0,0,0,0,0,0,0,0,0
965,0,0,10,0,0,0,0,0,0,0,0,0,0,0,0,0,210,0,0,0,0,0,0,0,0,0
966,20,700,0,0,0,0,0,0,0,0,0,0,0,0,0,0,0,0,0,0,0,0,0,0,0,0
967,0,0,10,0,0,0,0,0,0,0,0,0,0,0,0,0,210,0,0,0,0,0,0,0,0,0
968,0,0,10,0,0,100,2.074,12.96,129,0,0,0,0,0,20.736,0,400,2.851,0,7.128,194,0,129,648,0,0
969,20,0,0,0,0,0,0,0,0,0,0,0,0,130,0,0,0,0,0,0,0,0,0,0,0,0
970,0,0,0,0,0,0,1.4,0,0,0,0,0,0,130,15,0,0,1.5,0,5,0,0,0,0,0,0
971,0,0,0,0,0,0,0,2.55,0,0,0,0,1000000000,0,0,3,0,0,0,0,0,0,0,0,0,0
972,0,0,10,0,0,0,0,8.5,30,0,0,0,1000000000,0,0,0,0,0,0,0,0,0,0,0,0,0
973,0,0,0,0,0,0,1.4,2.55,0,0,0,0,0,130,4.5,0,0,1.5,0,1.5,0,0,0,120,0,0
974,0,350,10,0,0,100,1.2,7.2,0,0,0,0,0,0,4.5,0,0,1.5,0,2,10,0,0,300,0,0
975,0,500,30,15,0,150,4.2,7.5,60,0,100,500,0,0,25,0,0,4.5,0,10,210,2,0,600,0,0
976,0,0,0,0,0,0,1.4,0,0,0,0,0,0,0,15,0,0,1.5,0,0,0,0,0,0,0,0
977,0,0,0,0,0,1000,0,8.5,0,0,0,0,0,0,0,0,0,0,0,0,0,0,0,0,0,0
978,0,0,0,0,0,0,2.8,0,0,0,0,0,0,0,30,0,0,3,0,10,60,0,0,800,0,0
979,0,0,0,0,0,40,0,0,0,0,0,0,0,0,0,0,210,0,0,0,0,0,0,0,0,0
980,0,0,10,0,0,0,0,6,0,0,150,0,0,0,0,0,300,0,0,0,0,0,0,0,0,0
981,20,700,0,0,0,0,0,0,0,0,0,0,0,0,0,0,0,0,0.42,0,0,0,0,0,0,0
982,0,0,0,0,0,30,0,2.55,0,0,0,0,1000000000,0,0,0,0,0,0,0,0,0,0,0,0,0
983,0,0,0,0,0,0,4,0,0,0,0,0,5000000000,0,0,0,0,0,0,0,0,0,0,0,0,0
984,0,700,10,11,0,0,1.4,8.5,0,0,0,0,0,0,0,0,0,0,0,0,0,0,0,0,0,0
985,20,0,0,3.3,0,0,0,0,0,0,0,900,0,0,0,0,0,0,0,0,0,0,0,0,0,0
986,20,700,25,3.3,0,0,0,0,0,0,0,600,0,0,0,0,0,0,0,0,0,0,0,0,0,0
987,0,0,0,0,0,300,1,0,0,0,0,0,0,0,0,0,0,0,0,1.5,0,0,0,0,0,0
988,0,0,10,0,0,0,0,2.82,0,0,0,0,2000000000,0,0,0,0,0,0,0,0,0,0,0,0,0
989,0,0,10,0,0,500,0,0,0,0,0,0,1000000000,0,0,0,0,0,0,0,0,0,0,0,0,0
990,0,0,0,0,0,0,0,2.55,0,0,0,0,10000000000,0,0,0,0,0,0,0,0,0,0,0,0,0
991,0,0,10,0,0,0,0,0,0,0,105,0,0,0,0,0,210,0,0,0,0,0,0,0,0,0
992,0,0,0,11,0,0,0,0,0,0,0,500,0,0,0,0,0,0,0,0,0,0,0,0,0,0
993,0,0,0,11,0,0,0,0,0,0,0,700,0,0,0,0,0,0,0,0,0,0,0,0,0,0
994,0,300,8,0,0,40,0,0,0,0,0,0,0,0,0,0,0,0,0,0,0,0,0,160,0,0
995,0,0,10,11,0,0,0,4.25,0,0,0,0,0,0,0,0,0,0,0,0,0,0,0,0,0,0
996,0,0,10,0,0,0,0,8.5,0,0,150,0,0,0,0,0,300,0,0,0,0,0,0,0,0,0
997,0,0,0,0,0,0,0,8.5,55,0,0,0,100000000,0,0,3,0,0,0,0,0,0,0,0,0,0
998,0,0,0,0,0,0,2.8,0,0,0,0,0,0,0,0,0,0,3,0,0,630,0,0,0,0,0
999,0,350,5,0,0,40,0.7,4,0,0,0,0,0,0,7,0,0,0.7,0,0,0,0,0,180,0,0
1000,0,0,0,0,0,0,0,2.55,0,0,0,0,10000000000,0,0,0,0,0,0,0,0,0,0,0,0,0
1001,0,0,0,0,0,0,0,2.55,0,0,0,0,10000000000,0,0,0,0,0,0,0,0,0,0,0,0,0
1002,0,0,0,0,0,0,1.4,0,0,0,0,0,0,130,0,0,0,1.5,0,0,0,0,0,0,0,0
1003,0,0,0,11,0,0,0,0,0,0,0,600,0,0,0,0,0,0,0,0,0,0,0,0,0,0
1004,0,700,10,0,0,0,0,8.5,0,0,0,0,0,0,0,0,0,0,0,0,0,0,0,0,0,0
1005,0,0,0,0,0,0,0,4.25,27.5,0,0,0,5000000000,0,0,0,0,0,0,0,0,0,0,0,0,0
1006,0,0,0,0,0,0,0,8.5,0,0,0,0,10000000000,0,0,0,0,0,0,0,0,0,0,0,0,0
1007,0,210,3,3.3,0,0,0.42,2.55,16.5,0,0,0,0,0,0,0,0,0,0,0,0,0,0,0,0,0
1008,0,0,10,0,0,0,1.4,0,55,0,0,0,0,0,0,0,0,1.5,0,5,0,0,0,400,0,0
1009,0,0,10,0,0,0,0,0,0,0,0,0,100000000,0,0,0,0,0,0,0,0,0,0,0,0,0
1010,0,0,0,0,0,0,0,2.55,16.5,0,0,0,2000000000,0,0,0,0,0,0,0,0,0,0,0,0,0
1011,0,0,0,0,0,0,0,2.84,0,0,0,0,1000000000,0,5.68,0,0,0,0,2.48,0,0,0,0,0,0
1012,20,0,0,0,0,100,0,0,0,0,0,0,0,0,0,0,0,0,0,0,0,0,0,0,0,0
1013,0,0,0,0,0,0,0,2.55,0,0,0,0,0,130,0,0,0,0,0,5,0,0,0,0,0,0
1014,20,700,0,0,0,0,0,0,0,0,0,0,0,0,0,0,0,0,0,0,0,0,0,0,0,0
1015,0,0,0,0,0,0,0,2.55,0,0,0,0,10000000000,0,0,0,0,0,0,0,0,0,0,0,0,0
1016,0,0,10,0,0,0,0,0,0,0,300,0,0,0,0,0,600,0,0,0,0,0,0,0,0,0
1017,0,0,10,0,0,500,1.4,17,0,0,0,0,0,0,150,0,0,1.5,0,0,300,3,0,400,0,0
1018,0,0,10,0,70,0,0,0,0,0,0,0,0,0,0,0,0,0,0,0,0,0,0,0,0,0
1019,0,0,4.5,0,0,0,0,8.5,20,0,0,0,100000000,0,0,3.8,0,0,0,0,0,0,0,0,0,0
1020,0,0,0,0,0,0,0,2.55,16.5,0,0,0,1000000000,0,0,0,0,0,0,0,0,0,0,0,0,0
1021,0,0,0,0,0,0,0,2.6,55,0,0,0,100000000,0,0,3.3,0,0,0,0,0,0,0,0,0,0
1022,0,0,0,11,0,0,0,8.5,0,0,0,0,0,0,0,0,0,0,0,0,0,0,0,0,0,0
1023,0,0,0,0,0,0,0,2.6,55,0,0,0,100000000,0,0,3.3,0,0,0,0,0,0,0,0,0,0
1024,20,700,0,11,0,0,0,0,0,0,0,0,0,0,0,0,0,0,0.42,0,0,0,0,0,0,0
1025,0,0,10,0,0,0,0,8.5,0,0,0,0,0,0,0,0,0,0,0,0,0,0,0,0,0,0
1026,0,0,5,6,0,40,0.6,4,0,0,0,0,0,0,7,0,0,0.7,0,2,0,0,0,180,0,0
1027,0,700,10,11,70,0,1.4,8.5,16.5,0,0,500,0,0,0,0,0,0,0,0,100,3,30,400,0.8,7.5
1028,0,0,3,0,0,0,0,0,0,0,0,0,3000000000,0,0,0,0,0,0,0,0,0,0,0,0,0
1029,0,0,0,0,0,0,0,8.5,0,0,0,0,1000000000,0,0,3,0,0,0,0,0,0,0,0,0,0
1030,0,0,3,0,0,30,0,3,0,0,0,0,10000000000,0,0,0,0,0,0,0,0,0,0,0,0,0
1031,0,0,10,0,0,0,0,15,0,0,150,0,0,0,0,0,350,0,0,0,0,0,0,0,0,0
1032,0,0,0,11,0,0,0,0,0,0,0,600,0,0,0,0,0,0,0,0,0,0,0,0,0,0
1033,0,0,10,11,0,0,0,0,0,0,0,600,0,0,0,0,0,0,0,0,0,0,0,0,0,0
1034,0,0,0,5.36,0,0,0,0,0,0,0,1000,0,0,0,0,0,0,0,0,0,0,0,0,0,0
1035,0,0,10,0,0,0,0,0,0,0,0,0,3000000000,0,0,0,0,0,0,0,0,0,0,0,0,0
1036,0,0,0,0,0,50,0,8.5,0,0,0,0,0,130,0,0,0,1.5,0,0,0,0,0,0,0,0
1037,0,210,0,3.35,0,0,0,2.55,0,0,0,0,0,0,0,0,0,0,0,0,0,0,0,0,0,0
1038,0,0,10,0,35,0,0,10,0,0,105,0,0,0,0,0,210,0,0,0,0,0,0,0,0,0
1039,0,0,0,0,0,0,0,8.5,0,0,0,0,100000000,0,0,3,0,0,0,5,0,0,0,0,0,0
1040,0,0,10,0,0,0,0,8.5,0,0,0,0,0,0,0,0,0,0,0,0,0,0,0,0,0,0
1041,0,0,10,0,0,0,0,8.5,0,0,0,0,0,0,0,0,0,0,0,0,0,0,0,0,0,0
1042,0,0,10,0,0,0,0,3.6,0,0,0,0,1000000000,0,0,3,0,0,0,0,0,0,0,0,0,0
1043,0,0,0,11,0,0,0,0,0,0,0,600,0,0,0,0,0,0,0,0,0,0,0,0,0,0
1044,0,350,5,0,0,70,1.2,2.6,0,0,0,0,0,0,7.7,0,0,1.1,0,0,0,0,0,200,0,0
1045,0,0,3,0,0,0,0,2.55,0,0,105,0,0,0,0,0,210,0,0,0,0,0,0,0,0,0
1046,0,0,5,7,0,0,0,6,0,0,0,0,0,0,0,0,0,0.9,0,0,0,0,0,0,0,0
1047,0,0,0,0,0,0,1.4,2.55,55,0,0,0,0,0,0,0,0,1.5,0,0,0,0,0,0,0,0
1048,0,0,5,7,0,0,0,6,0,0,0,0,0,0,0,0,0,0.9,0,0,0,0,0,0,0,0
1049,0,0,15,0,0,100,0,15,70,14,0,500,0,0,20,0,0,0,0,6,150,3.5,34,600,1.3,0
1050,0,0,10,0,0,0,0,3.6,0,0,0,0,100000000,0,0,3,0,0,0,0,0,0,0,0,0,0
1051,0,0,0,0,0,0,0,8.5,0,0,0,0,3000000000,0,0,0,0,0,0,0,0,0,0,0,0,0
1052,0,0,0,0,0,200,3,8.5,55,0,0,0,0,0,30,0,0,3,0,0,600,0,0,0,0,0
1053,0,0,10,0,0,0,0,0,0,0,250,0,0,0,0,0,500,0,0,0,0,0,0,0,0,0
1054,0,0,0,0,0,0,0,0,0,0,0,0,3000000000,130,0,0,0,0,0,0,0,0,0,0,0,0
1055,0,0,5,0,0,0,0,4.25,0,0,0,0,10000000000,0,0,0,0,0,0,0,0,0,0,0,0,0
1056,0,0,0,11,0,0,0,0,0,0,0,600,0,0,0,0,0,0,0,0,0,0,0,0,0,0
1057,0,0,0,0,0,0,1.4,2.55,0,0,0,0,0,0,0,0,0,1.5,0,0,0,0,0,0,0,0
1058,0,0,0,0,0,450,0,0,0,0,0,0,0,0,15,0,0,7.5,0,7.5,150,0,0,200,0,0
1059,0,700,10,11,0,0,0,0,0,0,0,900,0,0,0,0,0,0,0,0,0,0,0,0,0,0
1060,0,0,0,3.3,0,0,0,0,0,0,0,600,0,0,0,0,0,0,0,0,0,0,0,0,0,0
1061,0,352,0,5.5,0,60,0.7,4.25,27.5,0,0,0,0,0,7.5,0,0,0.75,0,0,52.45,0,0,0,0,0
1062,0,0,25,0,21,0,0,0,0,0,115,0,0,0,0,0,230,0,0,0,0,0,0,0,0,0
1063,0,0,0,0,0,0,40,0,55,0,0,0,0,130,0,0,0,80,0,0,0,0,0,0,0,0
1064,20,0,0,0,0,0,0,8.5,0,0,0,500,0,0,15,0,0,0,0,5,0,0,0,400,0,0
1065,0,0,25,0,0,0,0,0,0,0,100,0,0,0,0,0,400,0,0,0,0,0,0,0,0,0
1066,0,221,3,3.3,0,54,0.42,2.55,16.5,0,0,0,0,0,5.04,0,0,3,0,1.72,33,0.9,20,214,0,0
1067,20,700,15,12,105,100,2.1,11.5,60,3.6,0,500,0,0,22.5,0,0,2.25,0,5,30,2.5,30,400,0.8,25
1068,0,470,10,150,80,150,0,10,55,7.2,0,0,0,0,60,0,0,20,0,7,170,3,30,800,0.8,65
1069,20,0,0,11,0,100,0,0,0,0,0,0,0,0,0,0,0,0,0,0,0,0,0,0,0,0
1070,0,0,10,0,70,0,0,0,0,0,0,0,0,0,0,0,400,0,0,0,0,1.5,0,0,0,0
1071,0,0,18,11,0,0,0,0,0,0,0,605,0,0,0,0,0,0,0,0,0,0,0,0,0,0
1072,0,0,10,5.5,0,50,25,4.25,16.5,3.6,0,0,0,0,7.5,0,0,12.5,0,25,60,0.9,15,400,0.24,7.5
1073,0,700,20,11,0,300,42,8.5,0,6,0,0,0,0,30,0,210,45,0,10,60,0,0,400,0.8,0
1074,0,0,0,0,0,0,1.8,4.8,0,0,0,0,0,0,0,0,0,0,0,0,0,1.86,0,0,0,0
1075,0,350,5,11,120,250,24,4.3,16.5,5,113,0,0,0,26,0,226,20,0.42,11,120,0.9,9,250,0.6,7.5
1076,0,0,0,0,0,0,0,4.25,27.5,0,0,0,0,130,0,0,0,0.75,0,0,0,0,0,0,0,0
1077,0,0,0,16,0,0,0,0,0,0,0,1000,0,0,0,0,0,0,0,0,0,0,0,0,0,0
1078,0,0,0,0,0,0,0,8.5,0,0,0,0,100000000,0,0,3.5,0,0,0,5,0,0,0,0,0,0
1079,0,0,3,0,0,0,0,2.55,16.5,0,0,0,1000000000,0,0,0,0,0,0,0,0,0,0,0,0,0
1080,0,0,15,0,0,250,0,25,200,0,0,0,0,0,0,0,0,0,0,0,0,0,0,600,0,0
1081,0,555,10,25,70,100,35,8.5,27.5,0,0,0,0,0,45,0,0,40,0,40,100,3,15,120,0,75
1082,20,700,15,12,105,100,2.1,11.5,60,3.6,0,500,0,0,22.5,0,0,2.25,0,5,30,2.5,30,400,0.8,25
1083,0,770,10,12,75,100,2.1,10,60,3.6,0,500,0,0,22.5,0,0,2.25,0,7.5,45,2.5,35,400,0.8,25
1084,0,0,0,0,0,0,0,0,0,29,0,0,0,0,0,0,0,1.5,0,0,0,0,0,0,0,0
1085,20,0,0,0,0,0,0,0,0,0,0,0,0,0,0,0,0,0,0.42,0,0,0,0,0,0,0
1086,0,0,10,0,0,0,0,6,0,0,0,0,0,0,0,0,0,0,0,0,0,0,0,0,0,0
1087,0,700,10,11,70,0,0,8.5,0,0,0,0,3000000000,0,0,0,0,0,0,5,30,0,0,400,0,0
1088,0,770,10,12,75,100,2.1,18.5,60,3.6,94.5,0,10000000000,130,22.5,0,0,2.25,0,7.5,45,2.5,35,400,0.8,25
1089,0,0,10,0,0,0,0,8.5,0,0,0,0,1000000000,0,0,0,0,0,0,0,0,0,0,0,0,0
1090,0,0,0,0,0,60,0,0,0,4,0,0,0,0,0,0,0,0,0,0,0,0,0,0,0,0
1091,0,0,0,0,0,0,0,2.6,0,0,0,0,1000000000,0,0,0,0,0,0,0,0,0,0,0,0,0
1092,0,0,0,0,0,0,0,4.5,0,0,0,0,100000000,0,0,3,0,0,0,0,0,0,0,0,0,0
1093,0,0,0,0,0,0,0,2.55,0,0,0,0,100000000,0,0,0,0,0,0,0,0,0,0,0,0,0
1094,0,0,0,0,0,0,0,4.3,0,0,0,0,100000000,0,0,3.5,0,0,0,0,0,0,0,0,0,0
1095,0,0,0,0,0,0,0,4.26,0,0,138.9,0,0,0,0,0,318,0,0,0,0,0,0,0,0,0
1096,0,0,0,0,0,0,0,8.5,0,0,0,0,1000000000,0,0,0,0,0,0,0,0,0,0,0,0,0
1097,0,0,0,0,0,0,0.42,0,0,0,0,0,100000000,0,0,0,0,0.6,0,0,0,0,0,0,0,0
1098,0,0,0,0,0,0,0.7,0,0,0,0,0,0,130,0,0,0,0.75,0,0,0,0,0,0,0,0
1099,0,0,12.5,0,0,0,0,8.5,0,0,0,0,0,0,0,0,750,0,0,0,0,0,0,0,0,0
1100,0,0,0,0,0,0,0,8.5,0,0,0,0,10000000000,0,0,3,0,0,0,5,0,0,0,0,0,0
1101,0,0,0,0,0,0,0.42,0,0,0,0,0,100000000,0,0,0,0,0.45,0,0,0,0,0,0,0,0
1102,0,0,5,0,0,0,0,0,0,0,115,0,0,0,0,0,230,0,0,0,0,0,0,0,0,0
1103,20,700,10,11,0,0,2.8,8.5,0,0,0,0,0,130,0,0,0,3,0,0,0,0,0,0,0,0
1104,0,0,3,0,0,0,0,2.55,0,0,0,0,1000000000,0,0,0,0,0,0,0,0,0,0,0,0,0
1105,20,700,0,11,0,0,0,0,0,0,0,0,0,0,0,0,0,0,0,0,0,0,0,0,0,0
1106,0,450,5,7,0,100,1.4,0,0,0,0,0,0,0,0,0,0,1.5,0,5,0,0,0,0,0,0
1107,0,0,5,0,0,0,0,4.25,0,0,105,0,0,0,0,0,210,0,0,0,0,0,0,0,0,0
1108,20,700,0,0,0,0,0,0,0,0,0,0,0,0,0,0,0,0,0,0,0,0,0,0,0,0
1109,0,0,25,0,80,100,2.25,14.5,130,4.2,0,0,0,0,21.5,0,210,3.2,0,7.5,210,4,130,700,0,50
1110,20,700,10,3.6,0,0,1.4,8.5,0,0,0,0,0,130,0,0,0,0,0,0,0,0,0,0,0,0
1111,0,0,5,0,0,0,0,2.6,0,0,0,0,1000000000,0,0,0,0,0,0,0,0,0,0,0,0,0
1112,0,0,10,0,0,0,0,8.5,0,0,0,0,1000000000,0,0,0,0,0,0,0,0,0,0,0,0,0
1113,0,0,0,0,0,35,0,0,0,0,0,0,0,0,0,0,0,0.6,0,0,0,1.15,0,150,0,12
1114,0,700,10,11,70,100,1.4,8.5,55,12,0,0,0,0,15,0,0,1.5,0,5,30,3,30,400,0.8,25
1115,0,420,10,5.6,0,100,1.2,4.5,0,0,0,0,0,0,0,0,0,1.2,0,2.6,0,1,0,0,0,0
1116,0,0,10,0,0,500,1.4,8.5,0,0,0,0,0,0,15,0,0,1.5,0,5,30,0,0,400,0,0
1117,0,0,6.5,0,0,0,0,4.25,0,0,0,0,100000000,0,0,0,0,0,0,0,0,0,0,0,0,0
1118,0,0,10,0,0,0,0,4.25,0,0,0,0,0,0,0,0,0,0,0,0,0,0,0,0,0,0
1119,0,0,0,11,0,0,0,0,0,0,0,600,0,0,0,0,0,0,0,0,0,0,0,0,0,0
1120,0,350,10,10,0,55,1.4,6,0,0,0,0,0,0,10,0,210,1.5,0,5,22,0,0,180,0,0
1121,0,0,3,0,0,0,0,8.5,0,0,0,0,0,0,0,0,0,0,0,0,0,0,0,0,0,0
1122,0,0,20,0,0,0,0,8.5,0,0,0,0,0,0,0,0,375,0,0,0,0,3,0,0,0,0
1123,0,0,10,0,0,1000,0,12,0,0,0,0,0,0,0,0,0,0,0,0,0,0,0,0,0,0
1124,0,0,0,0,0,0,0,5.1,0,0,250,0,0,0,0,0,500,0,0,0,0,0,0,0,0,0
1125,0,0,10,0,0,0,0,0,0,0,0,600,0,0,0,0,0,0,0,0,0,0,0,0,0,0
1126,0,0,3,0,0,0,0,2.55,16.5,0,0,0,100000000,0,0,0,0,0,0,0,0,0,0,0,0,0
1127,0,0,0,0,0,0,0,2.55,19,0,0,0,100000000,0,0,0,0,0,0,0,0,0,0,0,0,0
1128,0,700,10,11,70,100,1.4,8.5,55,0,315,0,0,130,15,0,0,1.5,0,5,50,3,30,400,0,0
1129,20,0,25,0,0,0,0,0,0,0,0,660,0,0,0,0,0,0,0,0,0,0,0,0,0,0
1130,0,0,10,0,0,0,0,3.75,0,0,0,0,0,0,0,0,0,0,0,0,0,0,0,0,0,0
1131,0,0,0,0,0,100,1.4,8.5,0,0,0,0,0,130,0,0,0,1.5,0,0,0,0,0,0,0,0
1132,0,0,10,0,0,0,0.42,8.5,55,0,0,0,0,0,0,0,0,0,0,0,0,0,0,0,0,0
1133,0,0,0,13.4,0,0,0,12,0,0,0,75,0,0,0,0,0,0,0,0,0,0,0,0,0,0
1134,0,0,10,0,0,100,1.4,8.76,113,0,0,0,0,0,15.33,0,280,2.45,0,6.13,131,8.76,0,525,0,25
1135,0,0,0,11,0,0,1.4,0,0,0,0,0,0,130,0,0,0,1.5,0,0,0,0,0,0,0,0
1136,0,0,20,0,0,0,0,8.5,0,0,100,0,0,0,0,0,300,3,0,10,0,0,0,0,0,0
1137,0,0,0,0,0,0,0,8.5,0,0,0,0,100000000,0,0,0,0,0,0,0,0,0,0,0,0,0
1138,0,0,10,0,0,0,0,0,0,0,0,0,100000000,0,0,0,300,0,0,0,0,0,0,0,0,0
1139,0,0,10,0,0,0,0,0,0,0,0,0,0,0,0,0,0,1.5,0,0,1000,0,0,0,0,0
1140,0,0,5,7,0,0,0,6,0,0,0,0,0,0,0,0,0,0.9,0,0,0,0,0,0,0,0
1141,0,700,10,11,0,0,2.1,8.5,55,0,0,500,0,0,15,0,0,2.25,0,5,0,0,0,400,0,0
1142,0,0,0,0,0,0,0,8.5,55,0,0,0,500000000,0,0,0,0,0,0,0,0,0,0,0,0,0
1143,0,0,0,3.63,0,0,0,0,0,0,0,600,0,0,0,0,0,0,0,0,0,0,0,0,0,0
1144,0,0,10,0,0,0,0,8.5,0,0,0,0,1000000000,0,0,3,0,0,0,0,0,0,0,0,0,0
1145,0,0,0,0,0,0,0,4.3,0,0,0,0,1000000000,0,0,0,0,0,0,0,0,0,0,0,0,0
1146,0,0,0,0,0,0,1.4,0,0,0,0,0,0,0,15,0,0,1.5,0,5,30,0,0,400,0,0
1147,0,700,20,10,30,0,1.4,0,0,0,0,0,0,0,12,0,0,0.75,0,4,30,0,0,300,0,0
1148,0,700,25,11,70,100,2.8,8.5,55,12,0,0,0,0,15,0,0,3,0,5,30,3,30,400,0.8,0
1149,0,0,0,0,0,0,0,3,0,0,0,0,100000000,0,0,0,0,0,0,0,0,0,0,0,0,0
1150,0,0,0,0,0,0,0,3,0,0,0,0,100000000,0,0,3,0,0,0,0,0,0,0,0,0,0
1151,0,700,10,11,0,0,1.4,8.5,0,0,0,0,0,0,0,0,0,0,0,0,0,0,0,0,0,0
1152,0,0,0,11,0,0,14,8.5,0,0,0,0,0,0,0,0,0,0,0,0,0,0,0,0,0,0
1153,0,0,10,11,0,0,0,8.5,55,4,0,0,0,0,15,0,0,0,0,20,30,3,9,400,0.25,25
1154,0,0,0,20,0,500,0,0,0,0,0,0,0,0,0,0,0,0,0,0,0,0,0,0,0,75
1155,20,700,0,0,0,0,0,0,0,0,0,0,0,0,0,0,0,0,0,0,0,0,0,0,0,0
1156,0,0,0,0,0,0,0,8.5,0,0,0,0,1000000000,0,0,0,0,0,0,0,0,0,0,400,0,0
1157,0,0,0,0,0,0,0,8.5,0,0,0,0,100000000,0,0,3.5,0,0,0,5,0,0,0,0,0,0
1158,0,0,0,0,0,0,0,2.6,0,0,0,0,1000000000,0,0,0,0,0,0,0,0,0,0,0,0,0
1159,0,0,10,0,0,0,0,8.5,0,0,0,0,0,0,0,0,0,0,0,0,0,0,0,0,0,0
1160,0,0,0,0,0,0,0,8.5,0,0,0,0,10000000000,0,0,0,0,0,0,0,0,0,0,0,0,0
1161,20,700,10,11,70,100,1.4,8.5,55,0,0,500,0,0,0,0,0,0,0,0,20,3,30,400,0,0
1162,0,0,0,11,0,0,0,5.3,0,0,0,0,0,0,0,0,0,0,0,0,0,0,0,0,0,0
1163,0,0,0,0,0,0,0,0,0,0,0,0,3000000000,130,0,0,0,0,0,0,0,0,0,0,0,0
1164,0,0,10,11,70,0,0,8.5,55,6,0,0,0,0,4.5,0,0,0,0,5,30,3,9,400,0.8,25
1165,0,0,0,0,0,0,0,8.5,0,0,0,0,1000000000,0,0,0,0,0,0,0,0,0,0,0,0,0
1166,0,0,15,0,0,0,0,10,0,0,300,0,0,0,0,0,600,0,0,0,0,0,0,0,0,0
1167,0,0,0,11,0,0,1.4,8.5,0,0,0,0,0,0,15,0,0,1.5,0,5,0,0,0,0,0,0
1168,0,0,0,11,0,0,0,0,0,0,150,0,0,0,30,0,0,3,0,0,0,0,0,0,0,0
1169,0,0,75,3.3,70,1000,1.4,2.55,16.5,3.6,0,0,0,0,15,0,210,1.5,1.8,5,50,0.9,30,400,0.24,7.5
1170,20,0,0,11,0,0,0,0,55,0,0,0,0,0,0,0,0,0,1.2,0,0,0,0,0,0,0
1171,0,0,10,0,70,0,0,0,0,0,0,0,0,0,0,0,210,0,0,0,0,3,0,0,0,0
1172,0,0,10,0,0,0,0,0,0,0,123,0,0,0,0,0,246,0,0,0,0,0,0,0,0,0
1173,0,0,11,0,0,0,0,9.35,0,0,0,0,0,0,0,0,0,0,0,0,0,0,0,0,0,0
1174,0,700,10,0,0,0,0,2.55,0,3.6,0,0,0,0,0,0,225,0,0,0,0,0,0,400,0,0
1175,0,0,0,0,0,0,1.4,8.76,113,0,0,0,0,0,15.33,0,0,2.45,0,6.13,131,8.76,0,525,0,0
1176,0,0,11,0,0,0,0,9.35,0,0,0,0,0,0,0,0,0,0,0,0,0,0,0,0,0,0
1177,20,700,0,11,0,0,0,0,0,0,0,0,0,0,0,0,0,0,0,0,0,0,0,0,0,0
1178,0,0,10,0,0,0,0,8.5,0,0,0,0,200000000,0,0,0,0,0,0,0,0,0,0,0,0,0
1179,0,0,10,0,0,0,0,3.6,0,0,0,0,100000000,0,0,3,0,0,0,0,0,0,0,0,0,0
1180,0,0,10,0,0,0,0,0,0,0,0,0,0,0,0,0,210,0,0,0,0,0,0,0,0,0
1181,0,0,0,11,0,0,0,0,0,0,0,1000,0,0,0,0,0,0,0,0,0,0,0,0,0,0
1182,0,0,50,0,0,500,0,0,0,0,94.5,0,0,0,0,0,0,0,0,0,0,0,0,0,0,0
1183,0,0,30,0,0,0,25,15,60,0,0,0,0,0,50,0,0,30,0,50,300,2,25,800,0,30
1184,0,0,0,11,0,0,50,2.55,50,0,0,600,1000000000,0,15,0,0,30,0,30,50,0,0,600,0,0
1185,0,0,0,0,0,0,0,2.55,0,0,0,0,1000000000,0,0,0,0,0,0,0,0,0,0,0,0,0
1186,0,0,10,11,0,250,0,8.5,55,12,0,0,0,0,52.5,0,0,0,0,17.5,105,3,30,400,0.8,25
1187,0,0,0,3.3,0,0,1.4,8.5,0,0,0,0,0,130,0,0,0,1.5,0,0,0,0,0,0,0,0
1188,0,0,0,0,0,0,0,8.5,55,12,0,0,0,0,15,0,0,0,0,5,30,3,0,400,0,0
1189,0,0,3,0,0,0,0,2.55,0,0,105,0,0,0,0,0,210,0,0,0,0,0,0,0,0,0
1190,0,0,0,0,0,0,0.5,2.6,0,0,0,0,0,0,0,0,0,0,0,0,0,1,0,0,0,0
1191,0,700,10,11,0,0,0,0,0,0,0,600,0,0,0,0,0,0,0,0,0,0,0,0,0,0
1192,0,0,10,0,0,0,0,2.6,0,0,0,0,5000000000,0,0,0,0,0,0,0,0,0,0,0,0,0
1193,0,0,10,0,35,0,0,10,0,0,105,0,0,0,0,0,210,0,0,0,0,0,0,0,0,0
1194,0,0,0,0,0,0,0,2.55,0,0,0,0,100000000,0,0,0,0,0,0,0,0,0,0,0,0,0
1195,0,0,0,0,0,0,0,10,0,0,0,0,0,0,8,0,0,1.5,0,0,0,0,0,0,0,0
1196,0,0,0,0,0,0,0,2.55,0,0,0,0,1000000000,0,0,0,0,0,0,0,0,0,0,0,0,0
1197,0,0,50,3.3,0,0,0,0,0,0,0,500,0,0,0,0,0,0,0,0,0,0,0,0,0,0
1198,0,0,0,0,0,0,0,2.55,0,0,0,0,3000000000,0,0,0,0,0,0,0,0,0,0,0,0,0
1199,0,0,0,3.3,0,0,0,0,0,0,0,900,0,0,0,0,0,0,0,0,0,0,0,0,0,0
1200,8,560,0,4.4,0,0,0,0,0,0,0,0,0,0,0,0,0,0,0,0,0,0,0,0,0.24,0
1201,0,0,0,11,0,0,0,0,0,0,0,600,0,0,0,0,0,0,0,0,0,0,0,0,0,0
1202,0,0,0,0,0,0,1.4,0,0,0,0,0,0,0,15,0,0,1.5,0,5,0,0,0,0,0,0
1203,0,0,0,0,0,100,5,0,0,0,0,0,0,0,35,0,0,5,0,15,0,0,0,0,0,0
1204,0,0,0,0,0,0,0,4,0,0,0,0,0,0,4.5,0,0,0.45,0,0,0,0,0,0,0,0
1205,0,0,0,3.3,0,30,0,3.6,16.5,0,0,0,0,0,0,0,0,0,0,0,0,0,0,0,0,0
1206,0,0,0,0,0,0,50,0,0,0,0,0,0,0,50,0,0,50,0,30,50,0,0,400,0,0
1207,0,0,10,11,0,0,0,0,0,0,0,600,0,0,0,0,0,0,0,0,0,0,0,0,0,0
1208,0,0,0,4,0,0,0,3,16.5,0,0,0,0,0,0,0,0,0,0,0,0,1,0,0,0.24,0
1209,0,210,3,3.3,0,30,0.42,0,0,0,0,0,1000000000,0,4.5,0,0,0.45,0,0,9,0,0,0,0,0
1210,20,700,10,11,0,0,0,0,0,0,0,0,0,0,0,0,0,0,0,0,0,0,0,0,0,0
1211,0,0,10,3.3,0,0,0,0,0,0,0,600,0,0,0,0,0,0,0,0,0,0,0,0,0,0
1212,0,0,0,0,0,0,0,2.6,0,6,0,0,1000000000,0,0,0,0,0,0,0,0,0,0,0,0,0
1213,0,0,0,0,0,0,0,8.5,0,0,0,0,1000000000,0,0,3,0,0,0,5,0,0,0,0,0,0
1214,0,0,0,0,0,0,0,4.25,0,0,0,0,100000000,0,0,4,0,0,0,0,0,0,0,0,0,0
1215,0,0,0,0,0,200,0,8.5,0,0,0,0,0,0,0,0,0,1.5,0,5,600,0,0,0,0,0
1216,0,0,0,0,0,0,0,2.55,0,0,0,0,10000000000,0,0,0,0,0,0,0,0,0,0,0,0,0
1217,0,0,25,0,110,0,0,0,0,0,175,0,0,0,0,0,350,0,0,0,0,3,0,0,0,0
1218,0,0,0,0,0,0,0,8.5,55,0,0,0,1000000000,0,0,3.1,0,0,0,0,0,0,0,0,0,0
1219,0,0,10,0,0,0,0,8.5,0,0,100,0,0,0,0,0,350,1.5,0,5,0,0,0,0,0,0
1220,0,0,50,0,0,0,0,0,0,0,0,600,0,0,0,0,0,0,0,0,0,0,0,0,0,0
1221,10.3226,0,0,269,0,500,0,12,0,0,0,1000,0,0,0,0,0,0,0,0,0,0,0,0,2,0
1222,0,0,10,0,0,0,1.4,8.5,0,0,0,0,1000000000,0,15,0,0,1.5,0,0,0,0,0,0,0,0
1223,0,0,0,0,0,0,1.4,0,0,0,0,0,0,130,0,0,0,1.5,0,0,0,0,0,0,0,0
1224,0,0,0,10.2,0,38.5,0.87,0,0,0,0,0,0,130,9.8,0,0,0.91,0,0,0,0,0,180,0,0
1225,0,0,10,0,0,0,0,2.55,0,0,0,0,0,0,0,0,210,0,0,0,0,0,0,0,0,0
1226,0,210,15,11,0,300,1.4,8.5,40,0,0,0,0,130,0,0,0,1.5,0,0,0,5,0,400,0,0
1227,0,0,10,0,0,0,0,0,0,0,150,0,0,0,0,0,300,0,0,0,0,0,0,0,0,0
1228,0,0,25,0,0,0,0,0,0,0,0,900,0,0,0,0,0,0,0,0,0,0,0,0,0,0
1229,0,0,10,11,0,0,0,0,0,0,0,900,0,0,0,0,0,0,0,0,0,0,0,0,0,0
1230,0,700,10,11,70,100,1.4,4.34,26.95,3.6,100.8,0,0,0,15,0,0,1.5,0,5,30,1.56,14.4,400,0.38,12.76
1231,0,700,10,11,70,120,1.68,10.2,66,14.4,0,0,0,0,18,0,0,1.8,0,6,42.5,3.6,36,480,0.96,30
1232,0,0,0,0,0,0,0.51,3.3,32,0,0,0,0,0,4.93,0,0,0.59,0,1.76,45,0,32,165,0,0
1233,20,0,10,11,0,0,0,0,0,0,0,600,0,0,0,0,0,0,0,0,0,0,0,0,0,0
1234,0,0,0,0,0,0,1.4,0,0,0,0,0,0,130,15,0,0,1.5,0,0,0,0,0,0,0,0
1235,0,0,10,0,70,0,0,0,0,0,105,0,0,0,0,0,210,0,0,0,0,0.9,0,0,0,0
1236,10,0,0,278,0,500,0,25,0,0,0,0,0,0,0,0,0,0,0,0,0,0,0,0,2,0
1237,0,0,0,0,0,0,0,2.55,0,0,0,0,0,0,0,0,210,0,0,0,0,0,0,0,0,0
1238,0,0,20,0,0,0,0,8.5,0,0,100,0,0,0,0,0,300,3,0,10,0,0,0,0,0,0
1239,0,0,10,0,0,0,0,0,0,0,0,0,0,0,0,0,0,0,0,0,0,0,0,0,0,0
1240,0,0,5,0,0,0,1,3,0,0,0,0,0,0,6,0,0,1.2,0,0,18,0,0,0,0,0
1241,0,0,10,30.2,55,0,0,7.5,0,9,100,0,0,0,20,0,230,0,0,10,30,2.5,35,200,0.5,50
1242,0,0,0,12,0,0,0,10,16.5,0,0,0,0,0,0,0,0,0,0,0,0,0,0,0,0,0
1243,0,0,0,0,0,30,0,0,0,24,0,0,0,0,0,0,0,0,0,0,0,0,0,0,0,0
1244,0,0,0,0,0,0,1.4,0,0,0,0,0,0,130,15,0,0,1.5,0,5,0,0,0,0,0,0
1245,0,0,10,0,0,0,0,0,0,0,0,0,0,0,0,0,210,0,0,0,0,0,0,0,0,0
1246,0,0,0,0,0,0,1.4,4.3,27.5,0,0,0,0,130,7.5,0,0,1.5,0,2.5,0,0,0,200,0,0
1247,0,0,25,0,0,0,0,0,0,0,0,1000,0,0,0,0,0,0,0,0,0,0,0,0,0,0
1248,0,0,0,0,0,0,0,2.55,0,0,0,0,1000000000,0,0,3,0,0,0,0,0,0,0,0,0,0
1249,0,0,0,3.3,0,0,0,0,0,0,0,600,0,0,0,0,0,0,0,0,0,0,0,0,0,0
1250,0,0,4,6,0,165,0,10,0,0,0,0,0,0,0,0,0,5,0,0,0,0,0,0,0,0
1251,0,0,10,0,0,0,0,0,0,0,0,0,0,0,0,0,210,0,0,0,0,0,0,0,0,0
1252,0,0,50,11,0,0,0,0,0,0,0,600,0,0,0,0,0,0,0,0,0,0,0,0,0,0
1253,0,0,10,0,70,0,0,0,0,0,150,0,0,0,0,0,300,0,0,0,0,3,0,0,0,0
1254,0,0,0,3.6,0,0,1.4,0,0,0,0,0,0,130,0,0,0,1.5,0,0,0,0,0,0,0,0
1255,0,0,10,0,0,0,0,0,0,0,0,0,0,0,0,0,210,0,0,0,0,0,0,0,0,0
1256,0,0,10,0,35,0,0,0,0,0,0,0,0,0,0,0,210,0,0,0,0,0.9,0,0,0,0
1257,0,0,10,20.1,65,0,0,7.5,0,9,100,0,0,0,20,0,210,0,0,10,30,2.5,35,400,0.5,50
1258,0,0,10,0,0,0,0,0,0,0,0,0,1000000000,0,0,0,0,0,0,0,0,0,0,0,0,0
1259,0,0,0,0,0,0,0,2.55,0,0,0,0,5000000000,0,0,0,0,0,0,0,0,0,0,0,0,0
1260,0,0,10,10,0,80,0,8,0,0,0,0,0,0,0,0,0,0,0,0,0,4,0,0,0.64,0
1261,0,0,3,0,0,0,0,2.55,0,0,105,0,0,0,0,0,210,0,0,0,0,0,0,0,0,0
1262,0,0,10,0,0,0,0,0,0,0,0,0,0,0,0,0,0,0,0,0,0,0,0,0,0,0
1263,0,0,10,0,0,100,1.4,8.8,110,0,315,0,0,0,16,0,0,2.5,0,7,140,7.2,30,600,0,25
1264,0,700,25,0,0,50,0.42,0,20,0,0,0,0,0,0,0,210,0.45,0,0,30,0,20,200,0,0
1265,0,0,0,0,0,0,0,8.5,55,0,0,0,0,130,15,0,0,0,0,5,0,0,0,400,0,0
1266,0,450,10,10,0,100,1.4,8,0,0,0,0,0,0,15,0,0,1.5,0,5,30,0,0,400,0,0
1267,0,0,0,11,0,0,1.4,0,0,0,0,0,0,130,0,0,0,1.5,0,0,0,0,0,0,0,0
1268,0,0,0,11,0,0,0,0,0,0,0,600,0,0,0,0,0,0,0,0,0,0,0,0,0,0
1269,0,0,15,30,0,90,5,15,0,14,0,0,0,0,20,0,0,10,0,6,150,0,0,1000,1,0
1270,0,0,25,30,0,90,5,15,0,14,0,0,0,0,20,0,0,10,0,6,150,0,0,800,1,0
1271,0,350,10,11,0,100,40,8.5,0,0,94.5,0,0,0,45,0,210,60,0,25,150,3,15,200,0.4,25
1272,0,0,0,11,0,0,0,0,0,0,0,600,0,0,0,0,0,0,0,0,0,0,0,0,0,0
1273,0,0,15,200,0,200,0,24,0,0,0,0,0,0,0,0,0,0,0,0,0,0,0,800,0,0
1274,0,0,10,11,0,0,0,0,0,0,0,1000,0,0,0,0,0,0,0,0,0,0,0,0,0,0
1275,0,0,0,4.63,0,0,0,0,0,0,0,600,0,0,0,0,0,0,0,0,0,0,0,0,0,0
1276,0,700,10,11,0,150,7,12.75,55,0,0,0,0,0,75,0,0,3,0,10,60,0,0,0,0,0
1277,0,0,0,0,0,0,0,2.55,0,0,0,0,3000000000,0,0,0,0,0,0,0,0,0,0,120,0,0
1278,0,0,5,6,0,0,0.6,4,25,0,0,0,0,0,7,0,0,0.7,0,0,0,0,0,0,0,0
1279,0,0,0,11,0,0,1.4,8.5,0,0,0,0,0,0,15,0,0,1.5,0,5,0,0,0,0,0,0
1280,0,700,0,11,0,0,0,0,0,0,0,0,100000000,0,0,0,0,0,0,0,0,0,0,0,0,0
1281,0,0,25,0,0,0,0,8.5,0,0,0,0,100000000,0,0,0,0,0,0,0,0,0,0,0,0,0
1282,0,0,0,0,0,0,0,0,0,4.2,0,0,10000000000,0,0,0,0,0,0,0,0,0,0,0,0,0
1283,0,0,100,11,0,0,0,0,0,0,0,630,0,0,0,0,0,0,0,0,0,0,0,0,0,0
1284,0,0,10,0,0,0,0,0,0,0,350,0,0,0,0,0,700,0,0,0,0,0,0,0,0,0
1285,0,0,0,0,0,0,0,8.5,0,0,0,0,3000000000,0,0,0,0,0,0,0,0,0,0,400,0,0
1286,0,450,0,7,0,60,0.9,6,35,0,0,0,0,0,9,0,0,0.9,0,0,15,0,0,0,0,0
1287,0,0,0,6.6,0,0,0,0,0,0,0,900,0,0,0,0,0,0,0,0,0,0,0,0,0,0
1288,0,0,0,3.3,0,0,0,0,0,0,0,500,0,0,0,0,0,0,0,0,0,0,0,0,0,0
1289,10.8,210,0,0,0,0,0,0,0,0,0,0,0,0,0,0,0,0,0,0,0,0,0,0,0,0
1290,20,210,0,3.3,0,30,0,2.55,0,0,0,0,0,0,0,0,0,0,0,0,0,0,0,0,0,0
1291,0,700,10,11,70,100,1.4,8.5,55,12,0,0,0,0,15,0,0,1.5,0,5,30,3,30,400,0.8,25
1292,0,0,3,3.3,0,0,0,0,0,0,0,600,0,0,0,0,0,0,0.42,0,0,0,0,0,0,0
1293,0,0,0,0,0,0,0,0,0,0,95,0,0,0,0,0,0,25,0,0,0,0,0,400,0,0
1294,0,0,0,3.3,0,0,0,0,0,0,0,1000,0,0,0,0,0,0,0,0,0,0,0,0,0,0
1295,20,700,0,6.6,0,0,0,0,0,0,0,0,0,0,0,0,0,0,0,0,0,0,0,0,0,0
1296,0,0,10,0,0,0,0,2.55,0,0,0,0,10000000000,0,0,0,0,0,0,0,0,0,0,120,0,0
1297,0,350,5,11,0,30,0,4.25,27.5,6,0,0,0,0,0,0,0,0.75,0,0,1000,0,0,200,0,0
1298,0,0,0,0,0,0,0,2.55,0,0,0,0,3000000000,0,0,0,0,0,0,0,0,0,0,0,0,0
